time,device_id,bus_voltage_V,current_mA,electrode_V,soil_humidity_V,target_current_mA
2026-05-16 18:00:00+00:00,001,2.243783783783784,25.000270270270267,1.6108378378378372,0.7848108108108108,25.0
2026-05-16 18:30:00+00:00,001,2.2426666666666666,24.92766666666667,1.6110833333333334,0.7836333333333332,25.0
2026-05-16 19:00:00+00:00,001,2.2433333333333336,25.002000000000013,1.6128500000000001,0.7818833333333334,25.0
2026-05-16 19:30:00+00:00,001,2.251666666666667,25.122999999999998,1.611166666666666,0.7821999999999998,25.0
2026-05-16 20:00:00+00:00,001,2.236166666666667,24.84266666666667,1.613433333333333,0.7817833333333335,25.0
2026-05-16 20:30:00+00:00,001,2.2481666666666675,25.35399999999999,1.6116,0.7810666666666669,25.0
2026-05-16 21:00:00+00:00,001,2.2401666666666675,25.251999999999995,1.6163333333333332,0.7810333333333332,25.0
2026-05-16 21:30:00+00:00,001,2.2386666666666666,25.04933333333334,1.6115333333333333,0.7797500000000002,25.0
2026-05-16 22:00:00+00:00,001,2.2393333333333336,25.049333333333333,1.6127833333333328,0.7788333333333334,25.0
2026-05-16 22:30:00+00:00,001,2.235166666666667,24.917666666666662,1.6172333333333337,0.7801166666666668,25.0
2026-05-16 23:00:00+00:00,001,2.2398333333333342,24.948833333333337,1.616266666666666,0.7804666666666663,25.0
2026-05-16 23:30:00+00:00,001,2.2405000000000004,24.927500000000006,1.6128,0.787133333333333,25.0
2026-05-17 00:00:00+00:00,001,2.251500000000001,25.06266666666667,1.6120499999999998,0.7947833333333334,25.0
2026-05-17 00:30:00+00:00,001,2.2546666666666666,25.127166666666653,1.6195000000000002,0.801583333333333,25.0
2026-05-17 01:00:00+00:00,001,2.250333333333334,24.957666666666665,1.6199666666666663,0.8024666666666662,25.0
2026-05-17 01:30:00+00:00,001,2.2591666666666668,25.099166666666644,1.6170499999999997,0.7932166666666665,25.0
2026-05-17 02:00:00+00:00,001,2.250333333333333,24.8115,1.6161666666666663,0.7902666666666665,25.0
2026-05-17 02:30:00+00:00,001,2.249,24.704666666666654,1.6180166666666667,0.7629166666666669,25.0
2026-05-17 03:00:00+00:00,001,2.254166666666667,25.017166666666657,1.6181000000000005,0.7951666666666668,25.0
2026-05-17 03:30:00+00:00,001,2.259,25.02733333333332,1.6200500000000004,0.8463499999999998,25.0
2026-05-17 04:00:00+00:00,001,2.2596666666666665,25.14566666666666,1.6232333333333329,0.8459833333333332,25.0
2026-05-17 04:30:00+00:00,001,2.257166666666666,25.006999999999994,1.6193333333333335,0.8443333333333335,25.0
2026-05-17 05:00:00+00:00,001,2.256,25.02783333333333,1.620733333333333,0.844433333333333,25.0
2026-05-17 05:30:00+00:00,001,2.266833333333333,25.209166666666647,1.6197666666666666,0.8500499999999996,25.0
2026-05-17 06:00:00+00:00,001,2.258833333333333,24.842666666666666,1.6256,0.8492333333333331,25.0
2026-05-17 06:30:00+00:00,001,2.2676666666666656,24.833166666666674,1.621133333333333,0.8451833333333333,25.0
2026-05-17 07:00:00+00:00,001,2.269333333333333,24.93433333333334,1.6199333333333334,0.7679166666666669,25.0
2026-05-17 07:30:00+00:00,001,2.275666666666666,24.97883333333334,1.6182666666666659,0.7566166666666668,25.0
2026-05-17 08:00:00+00:00,001,2.2828333333333335,24.99100000000001,1.6178666666666668,0.7699833333333335,25.0
2026-05-17 08:30:00+00:00,001,2.2829999999999995,24.97683333333334,1.6196999999999997,0.7743166666666667,25.0
2026-05-17 09:00:00+00:00,001,2.2901694915254227,25.159491525423736,1.6197966101694914,0.7716779661016948,25.0
2026-05-17 09:30:00+00:00,001,2.2953333333333323,25.16666666666666,1.619733333333333,0.7866000000000003,25.0
2026-05-17 10:00:00+00:00,001,2.3016666666666676,25.155499999999993,1.625533333333333,0.7910666666666663,25.0
2026-05-17 10:30:00+00:00,001,2.2984999999999993,25.06633333333333,1.6262666666666663,0.7910499999999999,25.0
2026-05-17 11:00:00+00:00,001,2.2934999999999994,24.929166666666667,1.6238499999999998,0.7894833333333331,25.0
2026-05-17 11:30:00+00:00,001,2.300847457627119,25.130677966101683,1.621135593220339,0.7894406779661016,25.0
2026-05-17 12:00:00+00:00,001,2.3043333333333327,25.169833333333333,1.6247500000000004,0.7896666666666662,25.0
2026-05-17 12:30:00+00:00,001,2.298333333333333,25.073500000000003,1.6233666666666668,0.7892166666666666,25.0
2026-05-17 13:00:00+00:00,001,2.2889999999999997,24.95966666666667,1.6194499999999994,0.7811833333333335,25.0
2026-05-17 13:30:00+00:00,001,2.2958333333333325,25.15866666666668,1.6175833333333323,0.7758333333333335,25.0
2026-05-17 14:00:00+00:00,001,2.301833333333333,25.262499999999996,1.6111166666666656,0.7733833333333334,25.0
2026-05-17 14:30:00+00:00,001,2.282499999999999,24.744000000000007,1.6253999999999995,0.7813833333333334,25.0
2026-05-17 15:00:00+00:00,001,2.29,25.123499999999996,1.6263499999999993,0.7807666666666668,25.0
2026-05-17 15:30:00+00:00,001,2.280833333333334,24.758,1.6231666666666664,0.7787500000000002,25.0
2026-05-17 16:00:00+00:00,001,2.291833333333334,25.07699999999999,1.6259166666666667,0.7770833333333335,25.0
2026-05-17 16:30:00+00:00,001,2.289166666666667,24.99233333333333,1.6225666666666663,0.7729333333333334,25.0
2026-05-17 17:00:00+00:00,001,2.2896666666666667,24.83566666666666,1.6133166666666663,0.7633999999999997,25.0
2026-05-17 17:30:00+00:00,001,2.2974999999999994,25.095666666666652,1.6193666666666666,0.7684666666666669,25.0
2026-05-17 18:00:00+00:00,001,2.2929999999999997,25.176499999999994,1.6329333333333331,0.7705166666666667,25.0
2026-05-17 18:30:00+00:00,001,2.2589999999999995,24.221833333333333,1.62635,0.7695833333333334,25.0
2026-05-17 19:00:00+00:00,001,2.2798333333333343,24.973999999999997,1.6231333333333324,0.7669166666666667,25.0
2026-05-17 19:30:00+00:00,001,2.2640000000000002,24.666000000000007,1.6251666666666666,0.7677000000000004,25.0
2026-05-17 20:00:00+00:00,001,2.2686666666666673,24.98116666666667,1.6185333333333325,0.7685499999999998,25.0
2026-05-17 20:30:00+00:00,001,2.263166666666667,24.881833333333336,1.6273833333333332,0.7689000000000001,25.0
2026-05-17 21:00:00+00:00,001,2.2618333333333345,24.960166666666673,1.6350666666666664,0.7677833333333335,25.0
2026-05-17 21:30:00+00:00,001,2.254166666666666,24.786333333333335,1.6271166666666663,0.7662833333333334,25.0
2026-05-17 22:00:00+00:00,001,2.2633333333333336,25.110166666666668,1.6318833333333325,0.7652833333333333,25.0
2026-05-17 22:30:00+00:00,001,2.268166666666668,25.01616666666667,1.6347333333333331,0.7649833333333336,25.0
2026-05-17 23:00:00+00:00,001,2.261333333333334,24.828500000000005,1.6258166666666667,0.765783333333333,25.0
2026-05-17 23:30:00+00:00,001,2.263000000000001,24.72583333333333,1.6259333333333328,0.7680000000000003,25.0
2026-05-18 00:00:00+00:00,001,2.268333333333335,24.899333333333338,1.6214833333333336,0.7733,25.0
2026-05-18 00:30:00+00:00,001,2.275,25.08366666666667,1.6308666666666667,0.7773333333333333,25.0
2026-05-18 01:00:00+00:00,001,2.2673333333333345,24.68383333333333,1.6297833333333336,0.7833999999999997,25.0
2026-05-18 01:30:00+00:00,001,2.275500000000001,24.95683333333334,1.6328333333333331,0.7869666666666665,25.0
2026-05-18 02:00:00+00:00,001,2.288500000000001,25.41016666666667,1.6325333333333338,0.7932166666666666,25.0
2026-05-18 02:30:00+00:00,001,2.2708333333333335,24.87833333333333,1.6332666666666664,0.7828333333333334,25.0
2026-05-18 03:00:00+00:00,001,2.2815000000000007,25.130499999999998,1.629066666666667,0.7778666666666667,25.0
2026-05-18 03:30:00+00:00,001,2.284,25.32266666666666,1.6325333333333336,0.7836833333333335,25.0
2026-05-18 04:00:00+00:00,001,2.2865000000000006,25.236666666666657,1.6318833333333331,0.8434999999999999,25.0
2026-05-18 04:30:00+00:00,001,2.2920000000000003,25.20099999999999,1.6185166666666668,0.8241833333333335,25.0
2026-05-18 05:00:00+00:00,001,2.3040000000000003,25.40716666666666,1.6159500000000002,0.8101666666666667,25.0
2026-05-18 05:30:00+00:00,001,2.290000000000001,25.02683333333333,1.6256333333333337,0.8372666666666668,25.0
2026-05-18 06:00:00+00:00,001,2.3016666666666667,25.279333333333334,1.6270499999999997,0.8349833333333334,25.0
2026-05-18 06:30:00+00:00,001,2.2945,24.949999999999996,1.6202666666666665,0.8292166666666668,25.0
2026-05-18 07:00:00+00:00,001,2.294833333333334,24.81099999999999,1.6196499999999998,0.7958000000000001,25.0
2026-05-18 07:30:00+00:00,001,2.300500000000001,24.942499999999992,1.6165499999999997,0.7859500000000003,25.0
2026-05-18 08:00:00+00:00,001,2.3063333333333342,25.004333333333353,1.6123666666666665,0.7703166666666668,25.0
2026-05-18 08:30:00+00:00,001,2.3096666666666668,25.171499999999984,1.6073333333333335,0.7476833333333334,25.0
2026-05-18 09:00:00+00:00,001,2.2998305084745763,24.95830508474576,1.6129322033898312,0.785135593220339,25.0
2026-05-18 09:30:00+00:00,001,2.298166666666667,25.04666666666665,1.6097833333333333,0.7920499999999999,25.0
2026-05-18 10:00:00+00:00,001,2.3038333333333325,25.066666666666656,1.6078999999999999,0.7519166666666668,25.0
2026-05-18 10:30:00+00:00,001,2.3042622950819656,25.162786885245893,1.605262295081967,0.7578360655737707,25.0
2026-05-18 11:00:00+00:00,001,2.304166666666665,25.0535,1.6025,0.7540666666666667,25.0
2026-05-18 11:30:00+00:00,001,2.294333333333332,24.857666666666677,1.6047666666666662,0.7554666666666667,25.0
2026-05-18 12:00:00+00:00,001,2.2839999999999994,24.694333333333326,1.6044666666666658,0.7517833333333335,25.0
2026-05-18 12:30:00+00:00,001,2.304166666666665,25.12099999999999,1.606066666666666,0.7538500000000001,25.0
2026-05-18 13:00:00+00:00,001,2.300499999999999,24.949500000000004,1.6124166666666668,0.7581,25.0
2026-05-18 13:30:00+00:00,001,2.3171666666666666,25.382333333333335,1.610333333333333,0.7574333333333337,25.0
2026-05-18 14:00:00+00:00,001,2.3083333333333345,25.169333333333327,1.6169666666666667,0.756316666666667,25.0
2026-05-18 14:30:00+00:00,001,2.2946666666666666,25.251833333333344,1.6176500000000003,2.0065,25.0
2026-05-18 15:00:00+00:00,001,2.265,24.672833333333337,1.5993833333333332,2.2182833333333334,25.0
2026-05-18 15:30:00+00:00,001,2.3345000000000002,25.244000000000003,1.6142833333333324,2.3949833333333332,25.0
2026-05-18 16:00:00+00:00,001,2.441666666666666,27.247,1.6215333333333328,2.0641833333333333,25.0
2026-05-18 16:30:00+00:00,001,2.6146666666666656,29.654333333333334,1.6418000000000001,2.1339666666666663,25.0
2026-05-18 17:00:00+00:00,001,2.772833333333333,32.303000000000004,1.6732333333333336,2.378683333333334,25.0
2026-05-18 17:30:00+00:00,001,2.744333333333333,31.848166666666653,1.6697833333333334,2.444233333333332,25.0
2026-05-18 18:00:00+00:00,001,2.7936666666666667,32.63999999999999,1.683716666666666,2.60085,25.0
2026-05-18 18:30:00+00:00,001,2.8291666666666653,32.903,1.6642333333333332,2.500633333333334,25.0
2026-05-18 19:00:00+00:00,001,2.755666666666667,31.084999999999997,1.6649666666666667,2.318283333333333,25.0
2026-05-18 19:30:00+00:00,001,2.4866666666666672,26.40933333333333,1.6174499999999992,2.286016666666667,25.0
2026-05-18 20:00:00+00:00,001,2.5959999999999996,28.45049999999999,1.6399000000000001,2.2844333333333333,25.0
2026-05-18 20:30:00+00:00,001,2.5661666666666676,27.876,1.634516666666667,2.146083333333333,25.0
2026-05-18 21:00:00+00:00,001,2.470333333333333,25.890166666666666,1.628983333333333,2.26005,25.0
2026-05-18 21:30:00+00:00,001,2.473666666666666,26.465333333333337,1.6206,3.1667666666666667,25.0
2026-05-18 22:00:00+00:00,001,2.4470000000000005,25.915166666666668,1.6138999999999997,2.8223166666666666,25.0
2026-05-18 22:30:00+00:00,001,2.4163333333333337,25.1165,1.6011166666666663,2.8891666666666667,25.0
2026-05-18 23:00:00+00:00,001,2.4240000000000004,25.421666666666663,1.6029666666666662,4.235883333333334,25.0
2026-05-18 23:30:00+00:00,001,2.4433333333333334,25.578500000000002,1.6214833333333332,4.150516666666667,25.0
2026-05-19 00:00:00+00:00,001,2.4004999999999996,24.91450000000001,1.6128,3.956899999999999,25.0
2026-05-19 00:30:00+00:00,001,2.393833333333334,24.694499999999994,1.6167333333333334,3.478683333333332,25.0
2026-05-19 01:00:00+00:00,001,2.4724999999999997,26.14216666666667,1.6273166666666665,3.2000000000000006,25.0
2026-05-19 01:30:00+00:00,001,2.4979999999999993,26.38033333333333,1.6432833333333334,4.534966666666666,25.0
2026-05-19 02:00:00+00:00,001,2.601833333333333,28.509999999999994,1.6369166666666666,3.676116666666665,25.0
2026-05-19 02:30:00+00:00,001,2.5381666666666667,26.956,1.6385833333333335,3.9991000000000003,25.0
2026-05-19 03:00:00+00:00,001,2.5544999999999995,27.107999999999997,1.6358,3.561866666666666,25.0
2026-05-19 03:30:00+00:00,001,2.4453333333333327,25.41533333333334,1.628016666666667,3.61755,25.0
2026-05-19 04:00:00+00:00,001,2.436333333333333,25.361833333333333,1.6289666666666671,3.8168666666666677,25.0
2026-05-19 04:30:00+00:00,001,2.46,26.01133333333333,1.6159833333333335,3.6129833333333323,25.0
2026-05-19 05:00:00+00:00,001,2.3723333333333323,24.754166666666656,1.6299333333333335,4.088633333333332,25.0
2026-05-19 05:30:00+00:00,001,2.391333333333333,25.364499999999985,1.6306333333333332,4.330483333333333,25.0
2026-05-19 06:00:00+00:00,001,2.382499999999999,25.12666666666667,1.628466666666666,4.5365833333333345,25.0
2026-05-19 06:30:00+00:00,001,2.376500000000001,25.003,1.6273833333333327,4.602683333333332,25.0
2026-05-19 07:00:00+00:00,001,2.3775000000000004,24.971500000000002,1.6325999999999998,4.516133333333334,25.0
2026-05-19 07:30:00+00:00,001,2.3971666666666667,25.532,1.623833333333333,3.6915,25.0
2026-05-19 08:00:00+00:00,001,2.3780000000000006,25.084000000000007,1.5913333333333333,0.797233333333333,25.0
2026-05-19 08:30:00+00:00,001,2.3689999999999998,24.817499999999992,1.5961166666666664,0.7936666666666665,25.0
2026-05-19 09:00:00+00:00,001,2.372372881355933,24.960508474576272,1.5891525423728807,0.7856949152542371,25.0
2026-05-19 09:30:00+00:00,001,2.381333333333335,25.32233333333334,1.5870833333333338,0.7824500000000003,25.0
2026-05-19 10:00:00+00:00,001,2.376166666666668,25.247833333333336,1.5821499999999997,0.7767000000000001,25.0
2026-05-19 10:30:00+00:00,001,2.358000000000001,24.7405,1.5881499999999995,0.7760499999999999,25.0
2026-05-19 11:00:00+00:00,001,2.3569999999999993,24.961833333333335,1.605283333333333,0.7886999999999998,25.0
2026-05-19 11:30:00+00:00,001,2.346833333333335,24.836499999999994,1.6086166666666668,0.7933000000000001,25.0
2026-05-19 12:00:00+00:00,001,2.349666666666666,25.006666666666668,1.600283333333333,0.78415,25.0
2026-05-19 12:30:00+00:00,001,2.3561666666666663,25.055833333333336,1.5996500000000002,0.7843500000000001,25.0
2026-05-19 13:00:00+00:00,001,2.346833333333334,24.7545,1.5840833333333333,0.7651333333333331,25.0
2026-05-19 13:30:00+00:00,001,2.358166666666667,25.279833333333332,1.5826666666666667,0.7646333333333334,25.0
2026-05-19 14:00:00+00:00,001,2.3635,25.49966666666667,1.5832666666666668,0.7637,25.0
2026-05-19 14:30:00+00:00,001,2.3273333333333337,24.317166666666665,1.5719333333333332,0.7542166666666665,25.0
2026-05-19 15:00:00+00:00,001,2.3448333333333338,25.016999999999996,1.5782333333333327,0.7578333333333337,25.0
2026-05-19 15:30:00+00:00,001,2.3906666666666667,26.450833333333332,1.5752500000000007,0.7523666666666666,25.0
2026-05-19 16:00:00+00:00,001,2.3521666666666667,24.888833333333327,1.5678999999999992,0.7477166666666668,25.0
2026-05-19 16:30:00+00:00,001,2.3556666666666666,25.329666666666657,1.5817499999999995,0.7574833333333332,25.0
2026-05-19 17:00:00+00:00,001,2.338666666666667,24.847166666666663,1.5860999999999998,0.7540499999999999,25.0
2026-05-19 17:30:00+00:00,001,2.3638333333333343,25.24416666666667,1.5832000000000002,0.7505333333333334,25.0
2026-05-19 18:00:00+00:00,001,2.3495000000000004,25.31483333333333,1.561566666666667,0.7387666666666663,25.0
2026-05-19 18:30:00+00:00,001,2.3591666666666664,25.286999999999992,1.559666666666667,0.7145166666666668,25.0
2026-05-19 19:00:00+00:00,001,2.333333333333333,24.747166666666665,1.5527166666666672,0.7224166666666664,25.0
2026-05-19 19:30:00+00:00,001,2.3418333333333337,25.098999999999993,1.5639500000000006,0.7333166666666664,25.0
2026-05-19 20:00:00+00:00,001,2.3616666666666672,25.440166666666673,1.5692833333333336,0.7306999999999999,25.0
2026-05-19 20:30:00+00:00,001,2.3855000000000004,25.91883333333333,1.5741499999999995,0.7289833333333334,25.0
2026-05-19 21:00:00+00:00,001,2.332666666666666,25.009500000000006,1.566266666666667,0.7319166666666665,25.0
2026-05-19 21:30:00+00:00,001,2.3394999999999997,25.432833333333324,1.5824166666666668,0.7364666666666665,25.0
2026-05-19 22:00:00+00:00,001,2.383833333333334,26.13166666666668,1.5778333333333332,0.7295166666666666,25.0
2026-05-19 22:30:00+00:00,001,2.4071666666666673,26.519333333333336,1.5577000000000003,0.7078666666666666,25.0
2026-05-19 23:00:00+00:00,001,2.481333333333333,27.548999999999996,1.5729999999999995,0.7107499999999999,25.0
2026-05-19 23:30:00+00:00,001,2.388666666666667,25.947166666666654,1.558533333333333,0.7210166666666666,25.0
2026-05-20 00:00:00+00:00,001,2.3429999999999995,25.198833333333337,1.5666666666666673,0.7349833333333328,25.0
2026-05-20 00:30:00+00:00,001,2.3563333333333327,25.610500000000002,1.5640333333333338,0.7402666666666663,25.0
2026-05-20 01:00:00+00:00,001,2.3283333333333345,25.10583333333333,1.590183333333333,0.7547666666666667,25.0
2026-05-20 01:30:00+00:00,001,2.349166666666667,26.29816666666666,1.5811333333333333,0.7698499999999999,25.0
2026-05-20 02:00:00+00:00,001,2.3224999999999993,25.43233333333333,1.5784666666666667,0.7757833333333333,25.0
2026-05-20 02:30:00+00:00,001,2.2908333333333335,24.917666666666673,1.5789833333333334,0.7654166666666666,25.0
2026-05-20 03:00:00+00:00,001,2.2815,24.69766666666667,1.582516666666667,0.73435,25.0
2026-05-20 03:30:00+00:00,001,2.283333333333333,24.925000000000008,1.5805666666666665,0.7453999999999996,25.0
2026-05-20 04:00:00+00:00,001,2.284166666666666,25.003,1.58055,0.7549833333333333,25.0
2026-05-20 04:30:00+00:00,001,2.287333333333333,25.109499999999983,1.5755166666666667,0.8127333333333334,25.0
2026-05-20 05:00:00+00:00,001,2.2913333333333323,25.301,1.5710500000000007,0.8076666666666665,25.0
2026-05-20 05:30:00+00:00,001,2.2898333333333327,25.123666666666672,1.56695,0.8060999999999997,25.0
2026-05-20 06:00:00+00:00,001,2.270833333333334,24.728333333333335,1.5621166666666668,0.8046166666666661,25.0
2026-05-20 06:30:00+00:00,001,2.269666666666666,24.88949999999999,1.5686333333333335,0.8069999999999998,25.0
2026-05-20 07:00:00+00:00,001,2.2806666666666664,25.205166666666667,1.561,0.8388833333333333,25.0
2026-05-20 07:30:00+00:00,001,2.271,25.012999999999998,1.5446666666666666,0.7564666666666667,25.0
2026-05-20 08:00:00+00:00,001,2.2900000000000005,25.727333333333338,1.549066666666667,0.7439499999999999,25.0
2026-05-20 08:30:00+00:00,001,2.2645762711864412,24.856101694915257,1.5403898305084753,0.7804576271186442,25.0
2026-05-20 09:00:00+00:00,001,2.2615,24.857833333333335,1.5498000000000007,0.74935,25.0
2026-05-20 09:30:00+00:00,001,2.291333333333333,26.00766666666667,1.5711333333333333,0.7497166666666666,25.0
2026-05-20 10:00:00+00:00,001,2.2739999999999996,24.900499999999997,1.5480166666666666,0.7479999999999999,25.0
2026-05-20 10:30:00+00:00,001,2.3291666666666657,26.000666666666664,1.5398833333333335,0.7303500000000002,25.0
2026-05-20 11:00:00+00:00,001,2.310833333333334,25.645666666666664,1.5289166666666665,0.7111999999999999,25.0
2026-05-20 11:30:00+00:00,001,2.290166666666667,25.43233333333334,1.504316666666667,0.7012833333333334,25.0
2026-05-20 12:00:00+00:00,001,2.3201666666666663,26.028499999999994,1.5212666666666668,0.7025833333333334,25.0
2026-05-20 12:30:00+00:00,001,2.3608333333333333,26.913666666666675,1.5257166666666668,0.7002500000000005,25.0
2026-05-20 13:00:00+00:00,001,2.3416666666666672,26.402000000000005,1.5098833333333335,0.6949666666666671,25.0
2026-05-20 13:30:00+00:00,001,2.4005,28.113,1.5458833333333337,0.6883666666666668,25.0
2026-05-20 14:00:00+00:00,001,2.3895,27.76833333333333,1.5132666666666663,0.6808499999999997,25.0
2026-05-20 14:30:00+00:00,001,2.357166666666667,26.497333333333327,1.5141166666666663,0.675433333333333,25.0
2026-05-20 15:00:00+00:00,001,2.4139999999999993,27.605666666666654,1.5084666666666666,0.6729833333333328,25.0
2026-05-20 15:30:00+00:00,001,2.3341666666666665,26.026499999999984,1.4885333333333328,0.6714333333333333,25.0
2026-05-20 16:00:00+00:00,001,2.3118333333333334,25.624166666666667,1.4885000000000004,0.66955,25.0
2026-05-20 16:30:00+00:00,001,2.3921666666666668,27.556000000000004,1.4988166666666667,0.6673333333333334,25.0
2026-05-20 17:00:00+00:00,001,2.4235,27.872,1.5020333333333342,0.6650333333333331,25.0
2026-05-20 17:30:00+00:00,001,2.4028333333333336,27.95,1.523133333333333,0.6636666666666665,25.0
2026-05-20 18:00:00+00:00,001,2.421833333333333,27.696666666666676,1.507416666666667,0.6618166666666665,25.0
2026-05-20 18:30:00+00:00,001,2.5200000000000014,29.561833333333343,1.5274833333333337,0.6615333333333331,25.0
2026-05-20 19:00:00+00:00,001,2.4236666666666666,27.68,1.4969333333333332,0.6589999999999999,25.0
2026-05-20 19:30:00+00:00,001,2.3976666666666664,27.357166666666675,1.5030833333333327,0.6612333333333333,25.0
2026-05-20 20:00:00+00:00,001,2.348833333333333,26.484500000000008,1.4893833333333328,0.6544333333333335,25.0
2026-05-20 20:30:00+00:00,001,2.3346666666666676,26.221166666666665,1.4916166666666666,0.6514833333333334,25.0
2026-05-20 21:00:00+00:00,001,2.361,26.899666666666665,1.4756833333333332,0.6484000000000001,25.0
2026-05-20 21:30:00+00:00,001,2.4521666666666664,28.446333333333335,1.4999166666666663,0.6399333333333336,25.0
2026-05-20 22:00:00+00:00,001,2.436333333333333,27.804333333333325,1.496099999999999,0.6405000000000002,25.0
2026-05-20 22:30:00+00:00,001,2.3979999999999992,27.45633333333334,1.4839999999999993,0.6394000000000003,25.0
2026-05-20 23:00:00+00:00,001,2.4033333333333333,27.62650000000001,1.4869166666666667,0.6399833333333335,25.0
2026-05-20 23:30:00+00:00,001,2.4498333333333333,28.666500000000003,1.49425,0.6427166666666665,25.0
2026-05-21 00:00:00+00:00,001,2.424666666666667,27.935333333333347,1.4917166666666672,0.6537333333333333,25.0
2026-05-21 00:30:00+00:00,001,2.3031666666666664,25.88733333333333,1.5790166666666667,0.7622333333333334,25.0
2026-05-21 01:00:00+00:00,001,2.2546666666666666,25.46033333333334,1.6500333333333335,0.8451333333333335,25.0
2026-05-21 01:30:00+00:00,001,2.2463333333333333,25.010333333333325,1.6476000000000006,0.8411000000000002,25.0
2026-05-21 02:00:00+00:00,001,2.271,25.471666666666657,1.6470499999999997,0.8448666666666664,25.0
2026-05-21 02:30:00+00:00,001,2.234333333333333,24.661833333333334,1.6534166666666665,0.8474333333333325,25.0
2026-05-21 03:00:00+00:00,001,2.234,24.885333333333335,1.6363833333333337,0.8372833333333334,25.0
2026-05-21 03:30:00+00:00,001,2.228666666666667,24.878500000000006,1.6477999999999997,0.8269833333333332,25.0
2026-05-21 04:00:00+00:00,001,2.2355,25.056666666666665,1.6435833333333334,0.8939000000000001,25.0
2026-05-21 04:30:00+00:00,001,2.2355,24.924833333333332,1.6533,0.8811333333333337,25.0
2026-05-21 05:00:00+00:00,001,2.253833333333333,25.599666666666668,1.6475833333333336,0.8571499999999996,25.0
2026-05-21 05:30:00+00:00,001,2.2485,25.098666666666666,1.6532166666666668,0.8838666666666668,25.0
2026-05-21 06:00:00+00:00,001,2.238,25.01716666666667,1.6411833333333334,0.8868166666666667,25.0
2026-05-21 06:30:00+00:00,001,2.2283333333333335,24.850666666666655,1.6458666666666661,0.8843833333333333,25.0
2026-05-21 07:00:00+00:00,001,2.228833333333333,24.87483333333334,1.648983333333333,0.9479499999999995,25.0
2026-05-21 07:30:00+00:00,001,2.234833333333333,25.066833333333324,1.6480666666666666,0.9983333333333334,25.0
2026-05-21 08:00:00+00:00,001,2.2381666666666664,25.117166666666655,1.6501333333333335,0.9640666666666665,25.0
2026-05-21 08:30:00+00:00,001,2.24271186440678,25.131016949152546,1.65135593220339,0.8711016949152545,25.0
2026-05-21 09:00:00+00:00,001,2.2741666666666664,25.93316666666666,1.6796666666666666,0.851283333333333,25.0
2026-05-21 09:30:00+00:00,001,2.2434999999999996,25.066500000000005,1.6459500000000002,0.846583333333333,25.0
2026-05-21 10:00:00+00:00,001,2.256166666666666,25.1315,1.6417333333333335,0.8429833333333335,25.0
2026-05-21 10:30:00+00:00,001,2.261666666666667,25.25883333333333,1.645333333333333,0.8369833333333336,25.0
2026-05-21 11:00:00+00:00,001,2.288666666666667,25.613166666666668,1.6390166666666668,0.8329666666666671,25.0
2026-05-21 11:30:00+00:00,001,2.2858333333333336,25.60316666666667,1.6541166666666673,0.8315666666666669,25.0
2026-05-21 12:00:00+00:00,001,2.3019999999999987,25.84083333333334,1.6427999999999996,0.8300333333333333,25.0
2026-05-21 12:30:00+00:00,001,2.2770000000000006,25.32216666666667,1.6469999999999998,0.8277833333333336,25.0
2026-05-21 13:00:00+00:00,001,2.3579999999999997,27.5635,1.666983333333333,0.8275,25.0
2026-05-21 13:30:00+00:00,001,2.405833333333333,28.932999999999996,1.6708666666666665,0.8279166666666664,25.0
2026-05-21 14:00:00+00:00,001,2.3608333333333342,26.664833333333334,1.6598333333333337,0.8260500000000004,25.0
2026-05-21 14:30:00+00:00,001,2.3312195121951214,26.206097560975607,1.6674390243902442,0.8289268292682926,25.0
2026-05-22 04:30:00+00:00,001,2.248181818181818,24.972727272727273,1.6615454545454547,1.066909090909091,25.0
2026-05-22 05:00:00+00:00,001,2.244333333333332,24.694,1.6486666666666672,0.9779333333333338,25.0
2026-05-22 05:30:00+00:00,001,2.2625,25.144499999999997,1.6553666666666669,0.8556333333333331,25.0
2026-05-22 06:00:00+00:00,001,2.2946666666666666,26.032333333333334,1.6474666666666669,0.8444166666666663,25.0
2026-05-22 06:30:00+00:00,001,2.2725000000000004,25.219833333333337,1.6495666666666662,0.8470999999999996,25.0
2026-05-22 07:00:00+00:00,001,2.2611666666666674,24.771999999999995,1.6492833333333334,0.8927833333333328,25.0
2026-05-22 07:30:00+00:00,001,2.2723333333333335,25.0275,1.6483833333333329,0.8330333333333335,25.0
2026-05-22 08:00:00+00:00,001,2.3031666666666673,25.71966666666667,1.6437333333333333,0.8364833333333334,25.0
2026-05-22 08:30:00+00:00,001,2.275,24.988666666666667,1.641066666666667,0.8133166666666667,25.0
2026-05-22 09:00:00+00:00,001,2.267833333333334,24.71133333333332,1.6440166666666662,0.7975499999999998,25.0
2026-05-22 09:30:00+00:00,001,2.294166666666667,25.528166666666674,1.6522833333333333,0.7933166666666663,25.0
2026-05-22 10:00:00+00:00,001,2.3085000000000004,25.837833333333336,1.6534333333333333,0.7904500000000001,25.0
2026-05-22 10:30:00+00:00,001,2.3164999999999996,25.350499999999997,1.6470666666666673,0.7875999999999997,25.0
2026-05-22 11:00:00+00:00,001,2.349166666666667,25.9545,1.6554666666666675,0.7831833333333336,25.0
2026-05-22 11:30:00+00:00,001,2.312333333333333,25.411166666666652,1.6484666666666674,0.7779000000000003,25.0
2026-05-22 12:00:00+00:00,001,2.3641666666666667,26.554499999999997,1.6689499999999997,0.7763333333333337,25.0
2026-05-22 12:30:00+00:00,001,2.402333333333333,27.033666666666672,1.6673333333333338,0.7736333333333333,25.0
2026-05-22 13:00:00+00:00,001,2.4437704918032788,27.938196721311463,1.670032786885246,0.7721803278688528,25.0
2026-05-22 13:30:00+00:00,001,2.380666666666666,26.42333333333333,1.6701166666666667,0.7732833333333331,25.0
2026-05-22 14:00:00+00:00,001,3.036666666666666,48.99783333333333,1.779366666666666,0.8563166666666665,74.67091666666667
2026-05-22 14:30:00+00:00,001,3.3236666666666674,50.00833333333335,1.8755999999999995,0.7884166666666664,50.0
2026-05-22 15:00:00+00:00,001,3.3443333333333314,50.72616666666669,1.8748333333333334,0.7886333333333334,50.0
2026-05-22 15:30:00+00:00,001,3.336333333333331,50.15799999999997,1.8710833333333334,0.7891666666666668,50.0
2026-05-22 16:00:00+00:00,001,3.331999999999999,49.691166666666625,1.8787333333333331,0.7913,50.0
2026-05-22 16:30:00+00:00,001,3.3381666666666656,49.72283333333332,1.87785,0.7889499999999997,50.0
2026-05-22 17:00:00+00:00,001,3.347333333333332,49.77866666666664,1.8690666666666664,0.7877666666666668,50.0
2026-05-22 17:30:00+00:00,001,3.3631666666666638,49.99266666666665,1.8652166666666672,0.7845333333333333,50.0
2026-05-22 18:00:00+00:00,001,3.359322033898303,49.6762711864407,1.8696271186440674,0.7832542372881358,50.0
2026-05-22 18:30:00+00:00,001,3.3774999999999964,50.04516666666668,1.8699166666666664,0.7815833333333334,50.0
2026-05-22 19:00:00+00:00,001,3.3816666666666633,50.09833333333335,1.8644499999999995,0.7792666666666668,50.0
2026-05-22 19:30:00+00:00,001,3.38733333333333,50.158333333333346,1.861816666666666,0.7783666666666665,50.0
2026-05-22 20:00:00+00:00,001,3.3766666666666634,49.68500000000003,1.8630833333333332,0.7770500000000004,50.0
2026-05-22 20:30:00+00:00,001,3.3874999999999953,50.08950000000003,1.8678166666666662,0.7763666666666668,50.0
2026-05-22 21:00:00+00:00,001,3.387833333333328,50.07233333333334,1.8665666666666667,0.7757333333333333,50.0
2026-05-22 21:30:00+00:00,001,3.385333333333329,50.087166666666675,1.8671666666666662,0.774416666666667,50.0
2026-05-22 22:00:00+00:00,001,3.3838333333333286,50.106333333333346,1.8664166666666666,0.7747000000000003,50.0
2026-05-22 22:30:00+00:00,001,3.3804999999999956,50.04633333333334,1.863116666666667,0.7748333333333336,50.0
2026-05-22 23:00:00+00:00,001,3.370999999999997,49.831666666666685,1.8657000000000004,0.7756833333333332,50.0
2026-05-22 23:30:00+00:00,001,3.3651666666666658,49.721666666666685,1.8614666666666664,0.7796166666666665,50.0
2026-05-23 00:00:00+00:00,001,3.3638333333333317,49.59066666666668,1.8644666666666665,0.7839999999999999,50.0
2026-05-23 00:30:00+00:00,001,3.3688333333333293,49.884500000000024,1.8643166666666662,0.7877499999999997,50.0
2026-05-23 01:00:00+00:00,001,3.37333333333333,50.07350000000001,1.8645833333333333,0.7955333333333332,50.0
2026-05-23 01:30:00+00:00,001,3.371666666666663,50.09750000000001,1.8652666666666666,0.8002166666666664,50.0
2026-05-23 02:00:00+00:00,001,3.3584999999999985,49.91666666666666,1.8590833333333332,0.8090499999999997,50.0
2026-05-23 02:30:00+00:00,001,3.3583333333333316,49.90383333333336,1.8703000000000005,0.8087,50.0
2026-05-23 03:00:00+00:00,001,3.3698333333333323,50.17333333333334,1.8571333333333329,0.812616666666667,50.0
2026-05-23 03:30:00+00:00,001,3.3601666666666663,49.89166666666667,1.8591000000000006,0.7824333333333334,50.0
2026-05-23 04:00:00+00:00,001,3.355166666666665,49.69383333333333,1.8583666666666663,0.8107666666666663,50.0
2026-05-23 04:30:00+00:00,001,3.3626666666666654,50.06649999999998,1.8614,0.85965,50.0
2026-05-23 05:00:00+00:00,001,3.354833333333332,49.771499999999975,1.8591999999999993,0.8603166666666664,50.0
2026-05-23 05:30:00+00:00,001,3.3598333333333326,49.98049999999997,1.8606333333333331,0.8605499999999995,50.0
2026-05-23 06:00:00+00:00,001,3.3654999999999977,50.052499999999974,1.8567666666666665,0.8594666666666664,50.0
2026-05-23 06:30:00+00:00,001,3.3729999999999998,50.38133333333332,1.8577666666666663,0.8634499999999997,50.0
2026-05-23 07:00:00+00:00,001,3.3660000000000014,50.09816666666665,1.8621333333333334,0.8628666666666668,50.0
2026-05-23 07:30:00+00:00,001,3.367666666666669,50.04833333333332,1.8613833333333334,0.9557166666666664,50.0
2026-05-23 08:00:00+00:00,001,3.3750000000000018,50.49566666666667,1.8634666666666666,0.9731000000000002,50.0
2026-05-23 08:30:00+00:00,001,3.3554999999999993,49.73916666666665,1.86925,0.9198833333333337,50.0
2026-05-23 09:00:00+00:00,001,3.357166666666667,49.78583333333331,1.8588833333333339,0.8132166666666668,50.0
2026-05-23 09:30:00+00:00,001,3.355166666666664,49.690166666666634,1.8583833333333328,0.8183333333333336,50.0
2026-05-23 10:00:00+00:00,001,3.361166666666664,49.96699999999999,1.8567499999999995,0.8192500000000003,50.0
2026-05-23 10:30:00+00:00,001,3.355423728813557,49.785932203389805,1.8554237288135589,0.8140847457627118,50.0
2026-05-23 11:00:00+00:00,001,3.3558333333333317,49.803166666666705,1.8542499999999993,0.8095,50.0
2026-05-23 11:30:00+00:00,001,3.3603333333333314,50.09866666666666,1.8540999999999996,0.8078833333333332,50.0
2026-05-23 12:00:00+00:00,001,3.342999999999998,49.80066666666666,1.8493833333333325,0.8041166666666661,50.0
2026-05-23 12:30:00+00:00,001,3.3518333333333326,50.211999999999996,1.8536166666666665,0.8023666666666663,50.0
2026-05-23 13:00:00+00:00,001,3.3509999999999986,50.1908333333333,1.85635,0.8018166666666666,50.0
2026-05-23 13:30:00+00:00,001,3.3404999999999996,49.93483333333333,1.8564166666666668,0.7981166666666666,50.0
2026-05-23 14:00:00+00:00,001,3.3253333333333326,49.476999999999975,1.8546166666666661,0.7955333333333331,50.0
2026-05-23 14:30:00+00:00,001,3.3418333333333328,50.30550000000001,1.8506666666666662,0.7939999999999999,50.0
2026-05-23 15:00:00+00:00,001,3.3344999999999994,50.15866666666667,1.85295,0.7956666666666664,50.0
2026-05-23 15:30:00+00:00,001,3.3311666666666664,50.13733333333334,1.8604999999999998,0.7954833333333331,50.0
2026-05-23 16:00:00+00:00,001,3.3013333333333335,49.179333333333346,1.8505999999999996,0.79495,50.0
2026-05-23 16:30:00+00:00,001,3.316499999999999,49.84633333333333,1.8498833333333329,0.7924166666666665,50.0
2026-05-23 17:00:00+00:00,001,3.3123333333333327,49.607833333333346,1.8546166666666661,0.7912333333333332,50.0
2026-05-23 17:30:00+00:00,001,3.332166666666666,50.55916666666665,1.8552499999999996,0.7899833333333335,50.0
2026-05-23 18:00:00+00:00,001,3.3225,50.10083333333334,1.852283333333333,0.7869333333333334,50.0
2026-05-23 18:30:00+00:00,001,3.3398333333333325,50.72616666666667,1.8552499999999987,0.7857333333333328,50.0
2026-05-23 19:00:00+00:00,001,3.326333333333333,50.29366666666668,1.8527999999999996,0.7857833333333334,50.0
2026-05-23 19:30:00+00:00,001,3.3156666666666657,49.987666666666684,1.8546666666666662,0.7828999999999997,50.0
2026-05-23 20:00:00+00:00,001,3.3113333333333324,49.85250000000003,1.8487833333333323,0.7831333333333333,50.0
2026-05-23 20:30:00+00:00,001,3.323666666666667,50.385333333333364,1.8529166666666665,0.7818666666666664,50.0
2026-05-23 21:00:00+00:00,001,3.3211666666666653,50.17950000000001,1.8586833333333332,0.7802833333333337,50.0
2026-05-23 21:30:00+00:00,001,3.3101666666666665,49.70716666666667,1.852766666666666,0.7791166666666668,50.0
2026-05-23 22:00:00+00:00,001,3.3274999999999997,50.239999999999995,1.8538000000000001,0.7789000000000001,50.0
2026-05-23 22:30:00+00:00,001,3.320333333333332,49.88116666666666,1.8526833333333326,0.7766000000000001,50.0
2026-05-23 23:00:00+00:00,001,3.3269999999999986,50.03766666666666,1.8447333333333331,0.7784333333333336,50.0
2026-05-23 23:30:00+00:00,001,3.3334999999999986,50.250833333333325,1.8516499999999996,0.7811,50.0
2026-05-24 00:00:00+00:00,001,3.3211666666666657,49.919999999999995,1.8550833333333325,0.7884833333333332,50.0
2026-05-24 00:30:00+00:00,001,3.320333333333332,50.0231666666667,1.8585333333333338,0.7979666666666668,50.0
2026-05-24 01:00:00+00:00,001,3.330499999999999,50.215,1.8498666666666663,0.8081666666666667,50.0
2026-05-24 01:30:00+00:00,001,3.3266666666666667,50.12533333333334,1.861766666666666,0.8165,50.0
2026-05-24 02:00:00+00:00,001,3.317333333333333,49.707333333333345,1.8556666666666668,0.8208666666666669,50.0
2026-05-24 02:30:00+00:00,001,3.321833333333332,50.01933333333334,1.8569166666666665,0.8052499999999999,50.0
2026-05-24 03:00:00+00:00,001,3.3195000000000023,49.888166666666685,1.8579499999999987,0.8285499999999998,50.0
2026-05-24 03:30:00+00:00,001,3.331666666666665,50.46000000000002,1.8547166666666663,0.8576833333333332,50.0
2026-05-24 04:00:00+00:00,001,3.3153333333333324,49.84816666666669,1.8627,0.8387166666666666,50.0
2026-05-24 04:30:00+00:00,001,3.3238333333333334,50.072000000000024,1.8552166666666665,0.8693166666666668,50.0
2026-05-24 05:00:00+00:00,001,3.3199999999999994,49.8385,1.8573,0.8575999999999999,50.0
2026-05-24 05:30:00+00:00,001,3.314166666666668,49.56850000000001,1.8557166666666658,0.8640333333333333,50.0
2026-05-24 06:00:00+00:00,001,3.3181666666666683,49.71416666666666,1.8567833333333326,0.8641333333333332,50.0
2026-05-24 06:30:00+00:00,001,3.3124999999999996,49.504833333333345,1.8562833333333335,0.8658333333333332,50.0
2026-05-24 07:00:00+00:00,001,3.321499999999999,49.88783333333334,1.858616666666666,0.9328333333333328,50.0
2026-05-24 07:30:00+00:00,001,3.3208333333333333,49.768000000000015,1.8569333333333335,0.9804833333333335,50.0
2026-05-24 08:00:00+00:00,001,3.336499999999999,50.36833333333335,1.8593999999999997,0.9813333333333332,50.0
2026-05-24 08:30:00+00:00,001,3.324000000000001,49.92750000000001,1.8542333333333334,0.9705833333333335,50.0
2026-05-24 09:00:00+00:00,001,3.3303333333333343,50.111833333333344,1.861,0.884233333333333,50.0
2026-05-24 09:30:00+00:00,001,3.326166666666667,49.76816666666669,1.844866666666667,0.8277,50.0
2026-05-24 10:00:00+00:00,001,3.3296666666666654,49.88383333333334,1.8446833333333328,0.8241000000000004,50.0
2026-05-24 10:30:00+00:00,001,3.336610169491525,50.1779661016949,1.8442881355932197,0.8188305084745767,50.0
2026-05-24 11:00:00+00:00,001,3.333333333333334,50.108,1.8393499999999996,0.8181333333333336,50.0
2026-05-24 11:30:00+00:00,001,3.322333333333332,49.65066666666668,1.839033333333333,0.8169999999999998,50.0
2026-05-24 12:00:00+00:00,001,3.3368333333333333,50.24316666666667,1.8422166666666662,0.8108666666666668,50.0
2026-05-24 12:30:00+00:00,001,3.3299999999999996,50.01199999999999,1.8341000000000007,0.8055666666666667,50.0
2026-05-24 13:00:00+00:00,001,3.3351666666666664,49.991166666666686,1.8390666666666666,0.8056833333333331,50.0
2026-05-24 13:30:00+00:00,001,3.3355,49.98416666666669,1.8405999999999993,0.8047999999999996,50.0
2026-05-24 14:00:00+00:00,001,3.328666666666666,49.73950000000001,1.8454499999999991,0.8090333333333334,50.0
2026-05-24 14:30:00+00:00,001,3.339499999999999,50.07383333333334,1.8473500000000003,0.8057833333333332,50.0
2026-05-24 15:00:00+00:00,001,3.349166666666667,50.413833333333315,1.8439499999999993,0.8015999999999994,50.0
2026-05-24 15:30:00+00:00,001,3.3443333333333354,50.041000000000004,1.8406333333333336,0.7924833333333334,50.0
2026-05-24 16:00:00+00:00,001,3.3496666666666637,50.17783333333334,1.8404166666666664,0.7856333333333333,50.0
2026-05-24 16:30:00+00:00,001,3.3296666666666654,49.32133333333334,1.8351166666666665,0.783183333333333,50.0
2026-05-24 17:00:00+00:00,001,3.331833333333333,49.491666666666674,1.83925,0.7837833333333336,50.0
2026-05-24 17:30:00+00:00,001,3.346166666666664,49.960833333333355,1.8375499999999996,0.7858666666666665,50.0
2026-05-24 18:00:00+00:00,001,3.3501666666666643,49.86433333333331,1.8440166666666662,0.7878166666666664,50.0
2026-05-24 18:30:00+00:00,001,3.368999999999997,50.175833333333344,1.8405833333333328,0.7863833333333333,50.0
2026-05-24 19:00:00+00:00,001,3.361833333333331,49.6856666666667,1.8428166666666665,0.7840333333333332,50.0
2026-05-24 19:30:00+00:00,001,3.3549999999999964,49.32700000000003,1.8414666666666664,0.7824833333333332,50.0
2026-05-24 20:00:00+00:00,001,3.376999999999996,50.05100000000003,1.8403833333333321,0.7806166666666665,50.0
2026-05-24 20:30:00+00:00,001,3.376999999999996,49.999666666666684,1.8394499999999994,0.7797666666666666,50.0
2026-05-24 21:00:00+00:00,001,3.3841666666666623,50.03083333333337,1.8406999999999998,0.7796500000000001,50.0
2026-05-24 21:30:00+00:00,001,3.3853333333333295,49.96100000000004,1.8428166666666657,0.7780666666666666,50.0
2026-05-24 22:00:00+00:00,001,3.3878333333333286,49.90433333333337,1.840633333333333,0.7779000000000001,50.0
2026-05-24 22:30:00+00:00,001,3.3908333333333287,49.86983333333337,1.8399,0.7757166666666669,50.0
2026-05-24 23:00:00+00:00,001,3.4043333333333305,50.096333333333355,1.8409666666666664,0.7749166666666668,50.0
2026-05-24 23:30:00+00:00,001,3.3961666666666632,49.69650000000002,1.8387166666666666,0.7762500000000002,50.0
2026-05-25 00:00:00+00:00,001,3.402499999999996,49.903666666666645,1.8379166666666669,0.7827499999999998,50.0
2026-05-25 00:30:00+00:00,001,3.3959999999999955,49.62850000000003,1.8411999999999995,0.7950166666666664,50.0
2026-05-25 01:00:00+00:00,001,3.4026666666666627,49.855666666666686,1.842466666666666,0.8036,50.0
2026-05-25 01:30:00+00:00,001,3.4124999999999965,50.29950000000004,1.8457499999999998,0.8117333333333333,50.0
2026-05-25 02:00:00+00:00,001,3.4061666666666635,50.0495,1.847366666666666,0.8216500000000002,50.0
2026-05-25 02:30:00+00:00,001,3.416166666666664,50.311,1.8529333333333333,0.8063500000000001,50.0
2026-05-25 03:00:00+00:00,001,3.4051666666666653,49.90116666666668,1.850483333333333,0.8360000000000002,50.0
2026-05-25 03:30:00+00:00,001,3.413000000000002,50.125000000000014,1.8471666666666662,0.8720000000000001,50.0
2026-05-25 04:00:00+00:00,001,3.4311666666666665,50.62883333333335,1.8497499999999996,0.8413333333333335,50.0
2026-05-25 04:30:00+00:00,001,3.411166666666665,49.86066666666667,1.8442999999999996,0.8331,50.0
2026-05-25 05:00:00+00:00,001,3.4113333333333324,49.918166666666664,1.8439999999999999,0.8280666666666668,50.0
2026-05-25 05:30:00+00:00,001,3.418166666666664,50.06566666666663,1.840833333333333,0.8619833333333331,50.0
2026-05-25 06:00:00+00:00,001,3.4129999999999967,49.77916666666667,1.8454333333333333,0.8661166666666666,50.0
2026-05-25 06:30:00+00:00,001,3.420499999999998,50.02783333333337,1.8401166666666657,0.844333333333333,50.0
2026-05-25 07:00:00+00:00,001,3.4296666666666678,50.067000000000014,1.8440499999999993,0.9147166666666673,50.0
2026-05-25 07:30:00+00:00,001,3.4256666666666677,49.92466666666664,1.8481833333333335,0.96555,50.0
2026-05-25 08:00:00+00:00,001,3.424333333333336,50.02683333333331,1.8440166666666664,0.9087833333333333,50.0
2026-05-25 08:30:00+00:00,001,3.42416666666667,49.920166666666624,1.8429333333333326,0.8481500000000002,50.0
2026-05-25 09:00:00+00:00,001,3.4221666666666684,49.70550000000001,1.8401999999999996,0.82495,50.0
2026-05-25 09:30:00+00:00,001,3.436833333333335,50.131,1.8358666666666668,0.8226666666666668,50.0
2026-05-25 10:00:00+00:00,001,3.439830508474577,50.14644067796609,1.8361016949152538,0.819050847457627,50.0
2026-05-25 10:30:00+00:00,001,3.4391666666666665,50.09449999999999,1.8343166666666662,0.8094833333333331,50.0
2026-05-25 11:00:00+00:00,001,3.4355000000000007,49.927499999999995,1.8378999999999996,0.8074833333333333,50.0
2026-05-25 11:30:00+00:00,001,3.4248333333333325,49.43816666666665,1.836249999999999,0.8093166666666666,50.0
2026-05-25 12:00:00+00:00,001,3.4405,49.72549999999998,1.8388999999999998,0.8097166666666665,50.0
2026-05-25 12:30:00+00:00,001,3.4463333333333335,50.11016666666664,1.8404166666666661,0.8068499999999996,50.0
2026-05-25 13:00:00+00:00,001,3.4301666666666657,49.41299999999998,1.8381166666666664,0.8047499999999999,50.0
2026-05-25 13:30:00+00:00,001,3.914333333333333,66.37066666666666,1.9851000000000005,0.796983333333333,50.0
2026-05-25 14:00:00+00:00,001,3.8555,63.67866666666666,1.950983333333333,0.8366999999999998,50.0
2026-05-25 14:30:00+00:00,001,4.546166666666665,89.09066666666665,2.161916666666667,0.8865499999999997,50.0
2026-05-25 15:00:00+00:00,001,5.0329999999999995,107.29749999999999,2.3049166666666663,0.8310166666666666,50.0
2026-05-25 15:30:00+00:00,001,4.942166666666667,103.82133333333333,2.268883333333333,0.8157333333333334,50.0
2026-05-25 16:00:00+00:00,001,4.895,102.18166666666666,2.2630833333333333,0.8078833333333334,50.0
2026-05-25 16:30:00+00:00,001,4.876833333333335,101.57799999999999,2.2530833333333335,0.8092166666666664,50.0
2026-05-25 17:00:00+00:00,001,4.914,103.02283333333334,2.2600666666666664,0.7948166666666664,50.0
2026-05-25 17:30:00+00:00,001,4.567166666666667,90.07416666666664,2.1500500000000007,0.790183333333333,50.0
2026-05-25 18:00:00+00:00,001,4.770499999999998,97.96383333333331,2.227016666666666,0.7944333333333335,50.0
2026-05-25 18:30:00+00:00,001,5.036333333333333,108.39416666666666,2.306750000000001,0.7955166666666665,50.0
2026-05-25 19:00:00+00:00,001,4.824833333333332,100.45166666666668,2.2527666666666666,0.792083333333333,50.0
2026-05-25 19:30:00+00:00,001,4.686333333333333,95.09033333333333,2.194466666666666,0.7910666666666665,50.0
2026-05-25 20:00:00+00:00,001,4.610333333333333,91.99450000000003,2.1762666666666672,0.7888666666666662,50.0
2026-05-25 20:30:00+00:00,001,4.572500000000001,90.44383333333334,2.1602166666666665,0.7883000000000001,50.0
2026-05-25 21:00:00+00:00,001,4.4383333333333335,85.16383333333333,2.1243666666666665,0.7888333333333334,50.0
2026-05-25 21:30:00+00:00,001,4.412166666666667,84.03850000000001,2.1134333333333344,0.7879666666666664,50.0
2026-05-25 22:00:00+00:00,001,4.44483333333333,85.0641666666667,2.1107999999999993,0.7892666666666666,50.0
2026-05-25 22:30:00+00:00,001,4.5415,88.65683333333335,2.1328499999999995,0.7893499999999996,50.0
2026-05-25 23:00:00+00:00,001,4.508666666666666,87.24100000000001,2.124833333333333,0.7878166666666666,50.0
2026-05-25 23:30:00+00:00,001,4.509166666666666,87.10633333333331,2.1438333333333337,0.7905,50.0
2026-05-26 00:00:00+00:00,001,4.436000000000002,84.35399999999997,2.1046833333333335,0.7963166666666665,50.0
2026-05-26 00:30:00+00:00,001,4.3790000000000004,82.17399999999999,2.092633333333333,0.7976833333333332,50.0
2026-05-26 01:00:00+00:00,001,4.23,76.59250000000002,2.0493166666666665,0.8041499999999998,50.0
2026-05-26 01:30:00+00:00,001,4.214833333333333,76.0626666666667,2.04415,0.8122999999999999,50.0
2026-05-26 02:00:00+00:00,001,4.168500000000001,74.32333333333334,2.0304499999999996,0.8170166666666666,50.0
2026-05-26 02:30:00+00:00,001,4.135166666666667,72.93483333333334,2.028266666666666,0.8186,50.0
2026-05-26 03:00:00+00:00,001,4.123666666666667,72.48766666666667,2.01175,0.8192166666666669,50.0
2026-05-26 03:30:00+00:00,001,4.095999999999999,71.39433333333332,2.0135499999999995,0.8196000000000002,50.0
2026-05-26 04:00:00+00:00,001,4.025833333333333,68.89783333333335,1.9955500000000002,0.7936500000000002,50.0
2026-05-26 04:30:00+00:00,001,3.9679999999999986,66.82116666666666,1.9736166666666664,0.7675500000000002,50.0
2026-05-26 05:00:00+00:00,001,3.786333333333333,60.33016666666667,1.9295500000000003,0.8182333333333335,50.0
2026-05-26 05:30:00+00:00,001,3.471000000000001,49.7821666666667,1.8374499999999998,0.8664166666666666,50.0
2026-05-26 06:00:00+00:00,001,3.476333333333332,50.13316666666669,1.8391333333333328,0.8708833333333332,50.0
2026-05-26 06:30:00+00:00,001,3.470499999999999,49.89833333333333,1.847333333333333,0.8701666666666664,50.0
2026-05-26 07:00:00+00:00,001,3.4691666666666636,49.97416666666667,1.8409333333333324,0.9191500000000001,50.0
2026-05-26 07:30:00+00:00,001,3.467333333333332,50.09200000000002,1.8458666666666657,0.9662666666666663,50.0
2026-05-26 08:00:00+00:00,001,3.461999999999997,49.94716666666669,1.8524999999999996,0.9745333333333331,50.0
2026-05-26 08:30:00+00:00,001,3.4589999999999965,49.88666666666669,1.849616666666666,0.9662833333333338,50.0
2026-05-26 09:00:00+00:00,001,3.457999999999998,49.854666666666695,1.8476166666666662,0.8525833333333339,50.0
2026-05-26 09:30:00+00:00,001,3.4662711864406766,50.024067796610176,1.8402372881355928,0.8305254237288141,50.0
2026-05-26 10:00:00+00:00,001,3.4739999999999998,50.21216666666666,1.8412166666666667,0.8242833333333336,50.0
2026-05-26 10:30:00+00:00,001,3.473833333333331,50.13666666666665,1.83345,0.8211166666666668,50.0
2026-05-26 11:00:00+00:00,001,3.4621666666666657,49.629833333333366,1.8330166666666659,0.8181000000000004,50.0
2026-05-26 11:30:00+00:00,001,3.4623333333333317,49.64416666666667,1.836033333333333,0.8161333333333333,50.0
2026-05-26 12:00:00+00:00,001,3.478999999999999,50.1025,1.8362666666666658,0.8137666666666666,50.0
2026-05-26 12:30:00+00:00,001,3.482166666666665,50.141166666666656,1.8339666666666663,0.8132999999999998,50.0
2026-05-26 13:00:00+00:00,001,3.4751666666666665,49.92066666666665,1.8395333333333326,0.8129000000000002,50.0
2026-05-26 13:30:00+00:00,001,3.4683333333333324,49.740166666666674,1.8358000000000003,0.8136499999999999,50.0
2026-05-26 14:00:00+00:00,001,3.4985,50.769666666666666,1.8458833333333327,0.8100833333333333,50.0
2026-05-26 14:30:00+00:00,001,3.4846666666666666,50.031166666666664,1.8370333333333326,0.8099500000000001,50.0
2026-05-26 15:00:00+00:00,001,3.4709999999999983,49.52733333333333,1.8386499999999988,0.809433333333333,50.0
2026-05-26 15:30:00+00:00,001,3.464666666666667,49.538166666666676,1.8326999999999998,1.0616166666666667,50.0
2026-05-26 16:00:00+00:00,001,3.453833333333331,50.48233333333336,1.8311166666666667,1.7748166666666667,50.0
2026-05-26 16:30:00+00:00,001,3.305333333333334,53.06916666666668,1.854783333333333,2.5766499999999994,50.0
2026-05-26 17:00:00+00:00,001,3.3181666666666674,51.78816666666663,1.8441833333333335,2.3723999999999994,50.0
2026-05-26 17:30:00+00:00,001,3.3404999999999996,50.847,1.8433666666666673,2.2404666666666655,50.0
2026-05-26 18:00:00+00:00,001,3.361166666666667,50.17033333333335,1.847733333333333,2.2163999999999997,50.0
2026-05-26 18:30:00+00:00,001,3.4011666666666653,50.882833333333345,1.8459833333333333,2.2769,50.0
2026-05-26 19:00:00+00:00,001,3.388666666666667,49.94166666666665,1.8442333333333332,2.398733333333334,50.0
2026-05-26 19:30:00+00:00,001,3.4278333333333335,50.595666666666666,1.8486666666666665,2.3556166666666676,50.0
2026-05-26 20:00:00+00:00,001,3.4374999999999996,50.19800000000001,1.842,1.906066666666667,50.0
2026-05-26 20:30:00+00:00,001,3.4501666666666653,50.460833333333326,1.8471166666666656,1.8822833333333333,50.0
2026-05-26 21:00:00+00:00,001,3.3463333333333325,51.02966666666667,1.8521666666666663,2.4628000000000005,50.0
2026-05-26 21:30:00+00:00,001,3.3241666666666663,51.10316666666666,1.8493166666666674,2.0375,50.0
2026-05-26 22:00:00+00:00,001,3.438833333333334,51.86266666666666,1.8524833333333335,1.6925999999999999,50.0
2026-05-26 22:30:00+00:00,001,3.390333333333333,50.680833333333325,1.8419666666666668,1.6108833333333332,50.0
2026-05-26 23:00:00+00:00,001,3.386833333333334,50.489000000000004,1.8475999999999997,1.5849833333333334,50.0
2026-05-26 23:30:00+00:00,001,3.396499999999999,49.97766666666669,1.8426166666666668,1.5583500000000008,50.0
2026-05-27 00:00:00+00:00,001,3.398000000000001,49.856333333333346,1.8431666666666662,1.5935166666666658,50.0
2026-05-27 00:30:00+00:00,001,3.3975000000000013,50.126500000000014,1.8450499999999996,1.5604000000000007,50.0
2026-05-27 01:00:00+00:00,001,3.3813333333333335,49.58316666666667,1.8450999999999997,1.5045833333333336,50.0
2026-05-27 01:30:00+00:00,001,3.3845,49.95316666666668,1.844399999999999,1.500316666666666,50.0
2026-05-27 02:00:00+00:00,001,3.3901666666666674,50.21233333333334,1.8563000000000005,1.6636500000000005,50.0
2026-05-27 02:30:00+00:00,001,3.377,49.81033333333335,1.8477999999999992,1.692983333333333,50.0
2026-05-27 03:00:00+00:00,001,3.3626666666666662,49.68649999999998,1.8462499999999997,1.6848166666666666,50.0
2026-05-27 03:30:00+00:00,001,3.36,49.85683333333332,1.8511499999999992,1.6534833333333336,50.0
2026-05-27 04:00:00+00:00,001,3.3570000000000007,49.82866666666665,1.8518333333333332,1.7038499999999999,50.0
2026-05-27 04:30:00+00:00,001,3.361833333333335,50.116166666666665,1.84675,1.5221833333333332,50.0
2026-05-27 05:00:00+00:00,001,3.3588333333333336,50.04133333333333,1.851733333333333,1.0631499999999996,50.0
2026-05-27 05:30:00+00:00,001,3.3513333333333324,49.561833333333325,1.8517666666666663,0.8465333333333335,50.0
2026-05-27 06:00:00+00:00,001,3.373666666666665,50.40433333333333,1.851816666666667,0.8139666666666668,50.0
2026-05-27 06:30:00+00:00,001,3.375,50.17666666666667,1.846049999999999,0.8191166666666665,50.0
2026-05-27 07:00:00+00:00,001,3.2223333333333333,49.97666666666668,1.8549500000000008,2.5613833333333345,50.0
2026-05-27 07:30:00+00:00,001,3.2595000000000005,50.21483333333334,1.8397166666666662,2.441316666666667,50.0
2026-05-27 08:00:00+00:00,001,3.295666666666665,50.49183333333334,1.853616666666666,2.298616666666666,50.0
2026-05-27 08:30:00+00:00,001,3.2249999999999996,49.356833333333334,1.842616666666666,2.4534333333333334,50.0
2026-05-27 09:00:00+00:00,001,3.2621666666666673,50.01383333333334,1.8477166666666662,2.0464500000000014,50.0
2026-05-27 09:30:00+00:00,001,3.3128813559322037,50.168474576271194,1.8471694915254233,1.9316101694915253,50.0
2026-05-27 10:00:00+00:00,001,3.344166666666666,50.44266666666667,1.8473833333333327,1.8573000000000002,50.0
2026-05-27 10:30:00+00:00,001,3.336666666666668,49.94983333333336,1.8395333333333332,1.6982166666666672,50.0
2026-05-27 11:00:00+00:00,001,4.574499999999999,89.84699999999995,2.1831000000000005,1.615516666666667,90.0
2026-05-27 11:30:00+00:00,001,4.9055,100.7511666666666,2.267750000000001,1.511433333333333,100.0
2026-05-27 12:00:00+00:00,001,4.87,99.4046666666666,2.2536500000000004,1.4954666666666665,100.0
2026-05-27 12:30:00+00:00,001,4.891333333333334,100.12566666666659,2.2537,1.5294000000000005,100.0
2026-05-27 13:00:00+00:00,001,4.9005,100.35783333333323,2.2537500000000006,1.4654333333333338,100.0
2026-05-27 13:30:00+00:00,001,4.894166666666666,99.88966666666656,2.2485166666666667,1.2080166666666665,100.0
2026-05-27 14:00:00+00:00,001,4.903166666666666,100.12866666666665,2.2470000000000003,1.2030666666666667,100.0
2026-05-27 14:30:00+00:00,001,4.906166666666667,100.20350000000002,2.2438000000000002,1.2669166666666665,100.0
2026-05-27 15:00:00+00:00,001,4.907499999999998,100.07516666666675,2.2484333333333333,1.175483333333333,100.0
2026-05-27 15:30:00+00:00,001,4.909833333333331,100.09333333333343,2.2492166666666673,1.0083666666666662,100.0
2026-05-27 16:00:00+00:00,001,4.908999999999998,99.98750000000008,2.24845,0.8719333333333338,100.0
2026-05-27 16:30:00+00:00,001,4.912833333333331,99.97066666666674,2.243966666666666,0.8163,100.0
2026-05-27 17:00:00+00:00,001,4.917499999999998,100.1625000000001,2.2386333333333335,0.8085,100.0
2026-05-27 17:30:00+00:00,001,4.912166666666665,99.98183333333341,2.2393666666666667,0.7983833333333334,100.0
2026-05-27 18:00:00+00:00,001,4.916333333333332,100.15416666666673,2.2441500000000008,0.7964833333333331,100.0
2026-05-27 18:30:00+00:00,001,4.919333333333332,100.24066666666674,2.2391666666666667,0.7909,100.0
2026-05-27 19:00:00+00:00,001,4.910499999999998,99.8715000000001,2.2399166666666663,0.7905166666666664,100.0
2026-05-27 19:30:00+00:00,001,4.918166666666666,100.17616666666672,2.24065,0.7895999999999999,100.0
2026-05-27 20:00:00+00:00,001,4.913333333333331,100.01000000000008,2.239933333333333,0.78625,100.0
2026-05-27 20:30:00+00:00,001,4.911499999999999,100.00083333333343,2.239383333333333,0.7853333333333332,100.0
2026-05-27 21:00:00+00:00,001,4.910833333333331,99.9798333333334,2.237666666666667,0.7848333333333332,100.0
2026-05-27 21:30:00+00:00,001,4.90433333333333,99.70250000000009,2.2403166666666667,0.784483333333333,100.0
2026-05-27 22:00:00+00:00,001,4.916499999999997,100.14383333333329,2.2329999999999997,0.7749500000000001,100.0
2026-05-27 22:30:00+00:00,001,4.902833333333332,99.54349999999994,2.2200833333333327,0.7625833333333336,100.0
2026-05-27 23:00:00+00:00,001,4.917000000000002,100.01683333333325,2.2305333333333333,0.7700166666666667,100.0
2026-05-27 23:30:00+00:00,001,4.933000000000001,100.51016666666665,2.2330833333333326,0.7745166666666669,100.0
2026-05-28 00:00:00+00:00,001,4.930333333333333,100.24116666666673,2.2273,0.7778000000000002,100.0
2026-05-28 00:30:00+00:00,001,4.925999999999998,100.0825,2.2186333333333335,0.7794999999999994,100.0
2026-05-28 01:00:00+00:00,001,4.926833333333332,100.11633333333326,2.2251499999999997,0.7941499999999998,100.0
2026-05-28 01:30:00+00:00,001,4.930166666666665,100.17683333333326,2.223166666666665,0.8038833333333328,100.0
2026-05-28 02:00:00+00:00,001,4.928999999999998,100.05899999999991,2.229233333333333,0.8155833333333333,100.0
2026-05-28 02:30:00+00:00,001,4.923833333333333,99.70733333333332,2.221333333333333,0.8142833333333334,100.0
2026-05-28 03:00:00+00:00,001,4.939666666666663,100.19850000000004,2.2269999999999985,0.8126333333333331,100.0
2026-05-28 03:30:00+00:00,001,4.936833333333328,100.09716666666665,2.221416666666667,0.8077333333333331,100.0
2026-05-28 04:00:00+00:00,001,4.9404999999999974,100.13533333333338,2.2237,0.7825333333333334,100.0
2026-05-28 04:30:00+00:00,001,4.9408333333333285,100.03966666666669,2.2213833333333333,0.7574166666666665,100.0
2026-05-28 05:00:00+00:00,001,4.943166666666662,100.07450000000009,2.218166666666667,0.7830500000000001,100.0
2026-05-28 05:30:00+00:00,001,4.95033333333333,100.21650000000012,2.218466666666666,0.8594499999999997,100.0
2026-05-28 06:00:00+00:00,001,4.95133333333333,100.15416666666674,2.219783333333333,0.8653499999999994,100.0
2026-05-28 06:30:00+00:00,001,4.952166666666664,99.96966666666671,2.2195833333333326,0.8591499999999999,100.0
2026-05-28 07:00:00+00:00,001,4.956333333333334,100.05783333333343,2.2178666666666653,0.8757999999999999,100.0
2026-05-28 07:30:00+00:00,001,4.955833333333332,100.08633333333343,2.214433333333332,0.8816666666666665,100.0
2026-05-28 08:00:00+00:00,001,4.957833333333331,100.1270000000001,2.2104999999999992,0.8455666666666667,100.0
2026-05-28 08:30:00+00:00,001,4.955666666666663,100.02950000000006,2.222716666666666,0.8864333333333334,100.0
2026-05-28 09:00:00+00:00,001,4.961999999999995,99.96149999999997,2.2181499999999996,0.8053,100.0
2026-05-28 09:30:00+00:00,001,4.969322033898301,100.01525423728805,2.2155932203389828,0.810728813559322,100.0
2026-05-28 10:00:00+00:00,001,4.968666666666664,99.7483333333333,2.221833333333332,0.8058666666666666,100.0
2026-05-28 10:30:00+00:00,001,4.984166666666664,100.20783333333331,2.2194499999999997,0.8006499999999996,100.0
2026-05-28 11:00:00+00:00,001,4.984833333333332,100.03416666666668,2.2160999999999995,0.7945499999999998,100.0
2026-05-28 11:30:00+00:00,001,4.985666666666666,99.87966666666671,2.2220333333333335,0.7919166666666665,100.0
2026-05-28 12:00:00+00:00,001,4.996666666666668,100.15416666666668,2.2143166666666665,0.7869499999999999,100.0
2026-05-28 12:30:00+00:00,001,4.9825,99.57950000000002,2.210983333333332,0.7842333333333329,100.0
2026-05-28 13:00:00+00:00,001,4.9994999999999985,100.19066666666666,2.210316666666666,0.7838833333333334,100.0
2026-05-28 13:30:00+00:00,001,5.002666666666666,100.2401666666667,2.209933333333332,0.7795666666666666,100.0
2026-05-28 14:00:00+00:00,001,4.9975,100.05516666666666,2.2152499999999997,0.7795500000000001,100.0
2026-05-28 14:30:00+00:00,001,5.005000000000001,100.22166666666665,2.2109166666666664,0.7798666666666665,100.0
2026-05-28 15:00:00+00:00,001,4.997166666666663,99.80549999999998,2.21125,0.7761333333333338,100.0
2026-05-28 15:30:00+00:00,001,5.004833333333332,100.04333333333332,2.2122499999999987,0.773866666666667,100.0
2026-05-28 16:00:00+00:00,001,5.0041666666666655,99.92950000000002,2.203166666666667,0.7736500000000003,100.0
2026-05-28 16:30:00+00:00,001,4.996499999999998,99.70983333333331,2.2071333333333336,0.7718166666666666,100.0
2026-05-28 17:00:00+00:00,001,5.006666666666669,100.10099999999996,2.2054666666666676,0.7673500000000003,100.0
2026-05-28 17:30:00+00:00,001,5.022333333333334,100.54816666666663,2.2091666666666674,0.763016666666667,100.0
2026-05-28 18:00:00+00:00,001,5.016166666666668,100.18916666666664,2.2071499999999995,0.760116666666667,100.0
2026-05-28 18:30:00+00:00,001,5.015333333333332,100.23183333333328,2.1976833333333334,0.7537499999999998,100.0
2026-05-28 19:00:00+00:00,001,5.010166666666667,99.87266666666663,2.2017333333333338,0.7517499999999999,100.0
2026-05-28 19:30:00+00:00,001,5.029999999999999,100.39800000000005,2.236916666666666,0.7867833333333334,100.0
2026-05-28 20:00:00+00:00,001,5.0233333333333325,99.94066666666671,2.2435166666666664,0.7884999999999999,100.0
2026-05-28 20:30:00+00:00,001,5.016666666666666,99.68883333333339,2.242233333333333,0.79035,100.0
2026-05-28 21:00:00+00:00,001,5.0153333333333325,99.50783333333337,2.2406333333333337,0.7910499999999997,100.0
2026-05-28 21:30:00+00:00,001,5.035833333333333,100.0991666666667,2.241683333333333,0.7868666666666666,100.0
2026-05-28 22:00:00+00:00,001,5.046666666666665,100.28183333333328,2.239983333333333,0.7838666666666664,100.0
2026-05-28 22:30:00+00:00,001,5.043499999999997,99.94483333333328,2.241716666666667,0.7842499999999997,100.0
2026-05-28 23:00:00+00:00,001,5.0478333333333305,100.07716666666656,2.2392000000000007,0.786983333333333,100.0
2026-05-28 23:30:00+00:00,001,5.045333333333331,99.89983333333322,2.2389666666666668,0.7899333333333335,100.0
2026-05-29 00:00:00+00:00,001,5.043333333333331,99.95183333333325,2.241683333333333,0.7965666666666666,100.0
2026-05-29 00:30:00+00:00,001,5.054166666666664,100.25083333333326,2.2424166666666667,0.8062166666666669,100.0
2026-05-29 01:00:00+00:00,001,5.038166666666665,99.99133333333337,2.2431499999999995,0.8136166666666668,100.0
2026-05-29 01:30:00+00:00,001,5.044166666666666,100.25116666666669,2.2413499999999997,0.822216666666667,100.0
2026-05-29 02:00:00+00:00,001,5.028833333333333,99.65033333333335,2.2417166666666666,0.8285999999999999,100.0
2026-05-29 02:30:00+00:00,001,5.060166666666665,100.712,2.2435166666666673,0.8315333333333335,100.0
2026-05-29 03:00:00+00:00,001,5.031666666666667,99.82483333333336,2.2403166666666663,0.8324333333333331,100.0
2026-05-29 03:30:00+00:00,001,5.043166666666668,100.26100000000005,2.2320666666666673,0.782766666666667,100.0
2026-05-29 04:00:00+00:00,001,5.032166666666669,99.7571666666667,2.23715,0.7955500000000001,100.0
2026-05-29 04:30:00+00:00,001,5.033333333333332,99.80366666666666,2.2309166666666664,0.7898,100.0
2026-05-29 05:00:00+00:00,001,5.045333333333334,100.19816666666671,2.235316666666667,0.8394666666666666,100.0
2026-05-29 05:30:00+00:00,001,5.048301886792455,100.30245283018868,2.2411320754716977,0.8735849056603778,100.0
2026-05-29 07:00:00+00:00,001,5.056400000000001,100.1234,2.24056,0.9012399999999999,100.0
2026-05-29 07:30:00+00:00,001,5.053666666666666,99.96316666666662,2.2406166666666665,0.9294166666666664,100.0
2026-05-29 08:00:00+00:00,001,5.055833333333334,100.03283333333333,2.2338333333333336,0.8610166666666672,100.0
2026-05-29 08:30:00+00:00,001,5.0605,99.97300000000004,2.2424500000000003,0.8973833333333339,100.0
2026-05-29 09:00:00+00:00,001,5.0515,99.50366666666672,2.236816666666667,0.8453000000000002,100.0
2026-05-29 09:30:00+00:00,001,5.06983333333333,100.09116666666677,2.23865,0.8323166666666669,100.0
2026-05-29 10:00:00+00:00,001,5.070999999999995,100.00816666666672,2.235749999999999,0.8229833333333333,100.0
2026-05-29 10:30:00+00:00,001,5.070833333333328,99.86433333333339,2.237766666666666,0.8152000000000003,100.0
2026-05-29 11:00:00+00:00,001,5.074499999999995,99.73166666666671,2.2347999999999995,0.8099666666666667,100.0
2026-05-29 11:30:00+00:00,001,5.089166666666662,100.19700000000003,2.23475,0.8106166666666667,100.0
2026-05-29 12:00:00+00:00,001,5.081499999999996,99.99083333333337,2.2335499999999997,0.805083333333333,100.0
2026-05-29 12:30:00+00:00,001,5.081333333333331,100.10283333333336,2.234233333333333,0.7996833333333334,100.0
2026-05-29 13:00:00+00:00,001,5.081166666666663,100.04683333333338,2.2308333333333326,0.7985333333333333,100.0
2026-05-29 13:30:00+00:00,001,5.078999999999995,99.75566666666664,2.229766666666666,0.7979166666666667,100.0
2026-05-29 14:00:00+00:00,001,5.089333333333329,100.05666666666663,2.2310499999999993,0.7969999999999998,100.0
2026-05-29 14:30:00+00:00,001,5.083999999999997,99.67949999999995,2.228799999999999,0.7954166666666665,100.0
2026-05-29 15:00:00+00:00,001,5.101166666666663,100.19199999999996,2.2283,0.7939666666666664,100.0
2026-05-29 15:30:00+00:00,001,5.107999999999998,100.32033333333332,2.232466666666666,0.7924,100.0
2026-05-29 16:00:00+00:00,001,5.10033333333333,99.89166666666665,2.2333,0.7917500000000001,100.0
2026-05-29 16:30:00+00:00,001,5.0955,99.728,2.232,0.78945,100.0
2026-05-29 17:00:00+00:00,001,5.099166666666664,99.87416666666667,2.224466666666667,0.7861000000000004,100.0
2026-05-29 17:30:00+00:00,001,5.101166666666663,100.01516666666666,2.2179,0.7782000000000003,100.0
2026-05-29 18:00:00+00:00,001,5.096666666666665,99.86649999999996,2.2231333333333327,0.7772500000000002,100.0
2026-05-29 18:30:00+00:00,001,5.101666666666663,100.00916666666667,2.2240000000000006,0.7738333333333336,100.0
2026-05-29 19:00:00+00:00,001,5.104666666666663,100.179,2.226866666666666,0.7731000000000002,100.0
2026-05-29 19:30:00+00:00,001,5.093999999999997,99.72149999999995,2.2275666666666663,0.7736833333333337,100.0
2026-05-29 20:00:00+00:00,001,5.101999999999998,99.74683333333334,2.2226833333333333,0.774666666666667,100.0
2026-05-29 20:30:00+00:00,001,5.107833333333332,100.13366666666663,2.225599999999999,0.7735166666666669,100.0
2026-05-29 21:00:00+00:00,001,5.1083333333333325,100.0471666666667,2.221416666666667,0.7715666666666667,100.0
2026-05-29 21:30:00+00:00,001,5.1214999999999975,100.32766666666666,2.2191833333333335,0.7706500000000003,100.0
2026-05-29 22:00:00+00:00,001,5.0954999999999995,99.34016666666666,2.22565,0.7724833333333336,100.0
2026-05-29 22:30:00+00:00,001,5.124166666666665,100.25316666666671,2.230583333333333,0.7704166666666666,100.0
2026-05-29 23:00:00+00:00,001,5.120166666666667,100.05166666666669,2.229166666666666,0.7758500000000003,100.0
2026-05-29 23:30:00+00:00,001,5.101666666666665,99.51550000000002,2.2279,0.7752333333333337,100.0
2026-05-30 00:00:00+00:00,001,5.115254237288135,99.94203389830507,2.2221186440677965,0.7839491525423727,100.0
2026-05-30 00:30:00+00:00,001,5.123333333333333,100.28200000000001,2.2255833333333332,0.7894666666666664,100.0
2026-05-30 01:00:00+00:00,001,5.1183333333333305,100.03000000000002,2.2213333333333343,0.7960499999999997,100.0
2026-05-30 01:30:00+00:00,001,5.123499999999998,99.93416666666667,2.225999999999999,0.8050666666666664,100.0
2026-05-30 02:00:00+00:00,001,5.126499999999999,100.01516666666664,2.228866666666666,0.8120166666666666,100.0
2026-05-30 02:30:00+00:00,001,5.139333333333331,100.15766666666666,2.2226833333333333,0.8156000000000001,100.0
2026-05-30 03:00:00+00:00,001,5.155333333333332,100.70399999999998,2.2280666666666664,0.8177166666666669,100.0
2026-05-30 03:30:00+00:00,001,5.139499999999999,99.94399999999999,2.2222999999999993,0.8173666666666668,100.0
2026-05-30 04:00:00+00:00,001,5.128333333333333,99.57483333333334,2.218233333333332,0.8033000000000001,100.0
2026-05-30 04:30:00+00:00,001,5.143666666666669,99.99,2.2165999999999992,0.779116666666667,100.0
2026-05-30 05:00:00+00:00,001,5.141333333333332,99.93366666666665,2.211833333333333,0.7862666666666667,100.0
2026-05-30 05:30:00+00:00,001,5.141499999999999,99.95449999999998,2.2157833333333325,0.8067833333333331,100.0
2026-05-30 06:00:00+00:00,001,5.134500000000003,99.78816666666668,2.219633333333332,0.7959333333333335,100.0
2026-05-30 06:30:00+00:00,001,5.1308333333333325,99.75250000000003,2.2222833333333325,0.8731833333333332,100.0
2026-05-30 07:00:00+00:00,001,5.132499999999999,99.99066666666671,2.2175999999999996,0.7690166666666666,100.0
2026-05-30 07:30:00+00:00,001,5.129666666666665,100.0758333333333,2.2207833333333338,0.8564833333333336,100.0
2026-05-30 08:00:00+00:00,001,5.117166666666667,99.75950000000003,2.227166666666667,0.9227833333333332,100.0
2026-05-30 08:30:00+00:00,001,5.118499999999999,99.7213333333333,2.222916666666667,0.922383333333333,100.0
2026-05-30 09:00:00+00:00,001,5.112333333333334,99.50033333333339,2.2228999999999997,0.8298000000000006,100.0
2026-05-30 09:30:00+00:00,001,5.125499999999998,99.85599999999998,2.2204833333333336,0.8221833333333334,100.0
2026-05-30 10:00:00+00:00,001,5.115666666666668,99.35816666666662,2.217666666666666,0.8092499999999999,100.0
2026-05-30 10:30:00+00:00,001,5.134333333333335,99.79466666666666,2.2165999999999997,0.8030166666666665,100.0
2026-05-30 11:00:00+00:00,001,5.131833333333333,99.65633333333334,2.217716666666666,0.7978333333333333,100.0
2026-05-30 11:30:00+00:00,001,5.145,100.03649999999996,2.2187999999999986,0.7939499999999999,100.0
2026-05-30 12:00:00+00:00,001,5.150999999999999,100.08616666666663,2.2204666666666664,0.7924166666666667,100.0
2026-05-30 12:30:00+00:00,001,5.135666666666666,99.4075,2.2149833333333335,0.7896833333333332,100.0
2026-05-30 13:00:00+00:00,001,5.157166666666666,99.9793333333333,2.2123666666666666,0.7882666666666667,100.0
2026-05-30 13:30:00+00:00,001,5.171666666666666,100.55766666666669,2.2110166666666653,0.7848999999999994,100.0
2026-05-30 14:00:00+00:00,001,5.165,100.07483333333337,2.213566666666666,0.7815000000000004,100.0
2026-05-30 14:30:00+00:00,001,5.1646666666666645,99.95483333333338,2.215383333333333,0.7796333333333333,100.0
2026-05-30 15:00:00+00:00,001,5.156666666666665,99.89049999999999,2.2149666666666668,0.7806666666666665,100.0
2026-05-30 15:30:00+00:00,001,5.161999999999998,99.99733333333334,2.21495,0.7817166666666667,100.0
2026-05-30 16:00:00+00:00,001,5.166333333333333,99.9666666666667,2.2155666666666667,0.7809666666666668,100.0
2026-05-30 16:30:00+00:00,001,5.176166666666665,100.15516666666669,2.2188833333333324,0.7814000000000002,100.0
2026-05-30 17:00:00+00:00,001,5.171833333333335,99.93466666666664,2.2188666666666657,0.779066666666667,100.0
2026-05-30 17:30:00+00:00,001,5.181,100.11783333333331,2.217633333333333,0.7766166666666672,100.0
2026-05-30 18:00:00+00:00,001,5.918651685393265,123.91895131086093,2.409910112359548,0.7892584269662903,124.06367041198502
2026-05-30 18:30:00+00:00,001,5.964250000000007,125.06497222222195,2.4118277777777792,0.7862361111111104,125.0
2026-05-30 19:00:00+00:00,001,5.970891364902513,125.01456824512522,2.4183259052924773,0.792281337047354,125.0
2026-05-30 19:30:00+00:00,001,5.977883008356547,124.99025069637861,2.4159387186629506,0.7875710306406691,125.0
2026-05-30 20:00:00+00:00,001,5.9784401114206185,124.8006685236766,2.408019498607243,0.7806685236768813,125.0
2026-05-30 20:30:00+00:00,001,5.981444444444447,124.79211111111088,2.4111805555555534,0.783641666666665,125.0
2026-05-30 21:00:00+00:00,001,5.988579387186631,124.95612813370457,2.4097938718662943,0.7830139275766019,125.0
2026-05-30 21:30:00+00:00,001,5.996350974930358,124.93136490250711,2.409896935933144,0.7813370473537607,125.0
2026-05-30 22:00:00+00:00,001,6.005961002785515,124.94543175487495,2.407055710306403,0.778490250696376,125.0
2026-05-30 22:30:00+00:00,001,6.014166666666662,124.99441666666692,2.407366666666668,0.779294444444443,125.0
2026-05-30 23:00:00+00:00,001,6.027047353760436,125.176824512535,2.409417827298047,0.7821142061281332,125.0
2026-05-30 23:30:00+00:00,001,6.016601671309177,124.92055710306425,2.419153203342617,0.7985320334261826,125.0
2026-05-31 00:00:00+00:00,001,6.018133704735372,124.92671309192221,2.4208635097493016,0.8066852367688032,125.0
2026-05-31 00:30:00+00:00,001,6.028666666666658,125.23938888888907,2.418738888888889,0.8079083333333338,125.0
2026-05-31 01:00:00+00:00,001,6.016935933147626,124.82727019498645,2.4133175487465204,0.8106908077994415,125.0
2026-05-31 01:30:00+00:00,001,6.0234540389972135,124.96526462395559,2.4162646239554326,0.8259247910863514,125.0
2026-05-31 02:00:00+00:00,001,6.029387186629515,124.70899721448478,2.4159442896935923,0.8341448467966581,125.0
2026-05-31 02:30:00+00:00,001,6.040555555555539,124.79138888888875,2.414600000000001,0.8369361111111107,125.0
2026-05-31 03:00:00+00:00,001,6.060111420612794,125.16476323119751,2.414239554317547,0.8400250696378829,125.0
2026-05-31 03:30:00+00:00,001,6.059860724233973,124.96122562674124,2.415108635097493,0.8401309192200542,125.0
2026-05-31 04:00:00+00:00,001,6.06247910863508,125.06777158774372,2.4136880222841226,0.8425403899721439,125.0
2026-05-31 04:30:00+00:00,001,6.061833333333305,124.9335833333334,2.4146166666666677,0.8427416666666658,125.0
2026-05-31 05:00:00+00:00,001,6.072562674094688,125.01114206128105,2.4112005571030597,0.8421309192200576,125.0
2026-05-31 05:30:00+00:00,001,6.077883008356532,125.02044568245093,2.4112061281337036,0.8391253481894149,125.0
2026-05-31 06:00:00+00:00,001,6.0857381615598625,125.12490250696426,2.410442896935933,0.8335905292479109,125.0
2026-05-31 06:30:00+00:00,001,6.084833333333306,124.9058055555554,2.408730555555554,0.8087833333333331,125.0
2026-05-31 07:00:00+00:00,001,6.091949860724205,124.97827298050193,2.40795264623955,0.8434568245125349,125.0
2026-05-31 07:30:00+00:00,001,6.0985236768802125,125.00983286908118,2.411016713091922,0.9826239554317563,125.0
2026-05-31 08:00:00+00:00,001,6.0962952646239605,124.94587743732596,2.409342618384402,0.9805821727019508,125.0
2026-05-31 08:30:00+00:00,001,6.0928412256267475,124.99573816156001,2.4073788300835655,0.9546768802228414,125.0
2026-05-31 09:00:00+00:00,001,6.099000000000013,124.82499999999969,2.404802777777772,0.8630472222222243,125.0
2026-05-31 09:30:00+00:00,001,6.1171309192200765,125.02721448467919,2.398863509749303,0.8393760445682457,125.0
2026-05-31 10:00:00+00:00,001,6.1212534818941196,124.97922005571009,2.396292479108635,0.830267409470754,125.0
2026-05-31 10:30:00+00:00,001,6.124066852367679,124.99832869080731,2.393830083565455,0.8207632311977708,125.0
2026-05-31 11:00:00+00:00,001,6.132194444444437,125.23680555555538,2.3920444444444415,0.8146777777777766,125.0
2026-05-31 11:30:00+00:00,001,6.1303899721448465,124.97857938718656,2.389938718662952,0.8096295264623966,125.0
2026-05-31 12:00:00+00:00,001,6.123649025069628,124.93927576601662,2.3913649025069614,0.8083704735376039,125.0
2026-05-31 12:30:00+00:00,001,6.11779944289692,124.92300835654574,2.3911615598885776,0.8099721448467965,125.0
2026-05-31 13:00:00+00:00,001,6.115888888888887,124.88375000000015,2.3903166666666675,0.8099027777777806,125.0
2026-05-31 13:30:00+00:00,001,6.129080779944301,125.09144846796679,2.391520891364903,0.8079108635097497,125.0
2026-05-31 14:00:00+00:00,001,6.135125348189415,125.09543175487494,2.392158774373259,0.8065181058495835,125.0
2026-05-31 14:30:00+00:00,001,6.1357660167130925,124.99746518105846,2.3904038997214476,0.800916434540389,125.0
2026-05-31 15:00:00+00:00,001,6.145236768802245,125.0376044568249,2.390818941504179,0.7987186629526484,125.0
2026-05-31 15:30:00+00:00,001,6.152111111111128,124.9994444444443,2.390358333333333,0.7975027777777792,125.0
2026-05-31 16:00:00+00:00,001,6.1586350974930575,124.99206128133665,2.3900167130919163,0.7958328690807778,125.0
2026-05-31 16:30:00+00:00,001,6.168328690807821,124.93635097492998,2.3865403899721396,0.7939526462395553,125.0
2026-05-31 17:00:00+00:00,001,6.170529247910895,125.00155988857908,2.3845487465181034,0.7883844011142073,125.0
2026-05-31 17:30:00+00:00,001,6.172416666666691,124.93280555555502,2.3811444444444443,0.7853527777777766,125.0
2026-05-31 18:00:00+00:00,001,6.174317548746547,124.89966573816119,2.3797325905292457,0.782885793871866,125.0
2026-05-31 18:30:00+00:00,001,6.180055710306433,125.05150417827245,2.3771532033426213,0.7772423398328688,125.0
2026-05-31 19:00:00+00:00,001,6.190584958217287,125.13342618384375,2.3832896935933148,0.7834011142061282,125.0
2026-05-31 19:30:00+00:00,001,6.179944289693616,124.84674094707499,2.383434540389971,0.7830027855153202,125.0
2026-05-31 20:00:00+00:00,001,6.173222222222248,124.93744444444393,2.3894194444444405,0.7878499999999984,125.0
2026-05-31 20:30:00+00:00,001,6.1698885793872105,124.85479108635086,2.3999554317548735,0.784855153203341,125.0
2026-05-31 21:00:00+00:00,001,6.1726740947075465,125.03752089136454,2.408256267409471,0.7863509749303608,125.0
2026-05-31 21:30:00+00:00,001,6.1645125348189715,125.03988857938658,2.411501392757663,0.7888495821727026,125.0
2026-05-31 22:00:00+00:00,001,6.155833333333376,124.96349999999956,2.4236833333333365,0.800966666666666,125.0
2026-05-31 22:30:00+00:00,001,6.155738161559933,124.88774373259,2.423181058495823,0.7996768802228439,125.0
2026-05-31 23:00:00+00:00,001,6.144707520891409,124.8665459610022,2.4237994428969354,0.8002311977715894,125.0
2026-05-31 23:30:00+00:00,001,6.140000000000042,124.94008356545899,2.424426183844012,0.8031030640668524,125.0
2026-06-01 00:00:00+00:00,001,6.13497222222227,124.9360277777774,2.4088833333333293,0.7930722222222223,125.0
2026-06-01 00:30:00+00:00,001,6.129080779944323,124.95972144846765,2.409554317548742,0.7988356545961001,125.0
2026-06-01 01:00:00+00:00,001,6.136908077994461,125.02607242339786,2.4083927576601667,0.8030278551532034,125.0
2026-06-01 01:30:00+00:00,001,6.13905292479112,124.96727019498582,2.4147938718662947,0.8149247910863514,125.0
2026-06-01 02:00:00+00:00,001,6.136991643454069,125.00779944289658,2.4086880222841214,0.8212200557103059,125.0
2026-06-01 02:30:00+00:00,001,6.1502222222222525,124.94588888888858,2.409824999999998,0.8269722222222217,125.0
2026-06-01 03:00:00+00:00,001,6.15799442896939,124.92885793871817,2.4104345403899674,0.8332284122562665,125.0
2026-06-01 03:30:00+00:00,001,6.168579387186665,125.02548746518067,2.4069498607242332,0.8272646239554304,125.0
2026-06-01 04:00:00+00:00,001,6.181754874651825,125.07777158774354,2.417451253481892,0.8375208913649013,125.0
2026-06-01 04:30:00+00:00,001,6.195583333333359,125.08658333333332,2.4065277777777743,0.8265194444444439,125.0
2026-06-01 05:00:00+00:00,001,6.198941504178291,125.0136211699163,2.404554317548744,0.8270250696378832,125.0
2026-06-01 05:30:00+00:00,001,6.214484679665746,125.20771587743708,2.4069275766016727,0.8310807799442884,125.0
2026-06-01 06:00:00+00:00,001,6.2100000000000115,124.94330555555551,2.39758333333333,0.8251583333333337,125.0
2026-06-01 06:30:00+00:00,001,6.2167688022284215,125.02540389972098,2.4009888579387173,0.8255710306406695,125.0
2026-06-01 07:00:00+00:00,001,6.2191922005571,124.92228412256254,2.400896935933146,0.8502924791086345,125.0
2026-06-01 07:30:00+00:00,001,6.225153203342618,124.94724233983278,2.4049052924791074,0.9694763231197795,125.0
2026-06-01 08:00:00+00:00,001,6.239333333333336,125.09772222222229,2.4071499999999983,0.9692638888888894,125.0
2026-06-01 08:30:00+00:00,001,6.239860724233985,125.07654596100278,2.4052869080779935,0.9580194986072428,125.0
2026-06-01 09:00:00+00:00,001,6.238913649025082,125.06896935933209,2.4054540389972114,0.8503091922005588,125.0
2026-06-01 09:30:00+00:00,001,6.2442777777777705,125.05299999999993,2.40186111111111,0.8278111111111114,125.0
2026-06-01 10:00:00+00:00,001,6.24153203342619,124.89331476323095,2.4040389972144833,0.8217994428969363,125.0
2026-06-01 10:30:00+00:00,001,6.249442896935948,124.93799442896882,2.397557103064068,0.807660167130921,125.0
2026-06-01 11:00:00+00:00,001,6.249805555555554,124.99583333333334,2.3952000000000004,0.801141666666667,125.0
2026-06-01 11:30:00+00:00,001,6.254011142061272,124.91548746518126,2.3936239554317544,0.7953621169916446,125.0
2026-06-01 12:00:00+00:00,001,6.253649025069636,124.87264623955416,2.39350974930362,0.7932506963788309,125.0
2026-06-01 12:30:00+00:00,001,6.260555555555552,124.99472222222208,2.3917861111111125,0.7913916666666668,125.0
2026-06-01 13:00:00+00:00,001,6.259832869080778,124.90403899721433,2.3880278551532017,0.7882311977715893,125.0
2026-06-01 13:30:00+00:00,001,6.264011142061274,124.90818941504122,2.388172701949856,0.7880389972144841,125.0
2026-06-01 14:00:00+00:00,001,6.270724233983291,125.01568245125304,2.3897855153203316,0.7863871866295276,125.0
2026-06-01 14:30:00+00:00,001,6.282333333333329,125.00502777777734,2.3852472222222194,0.7868527777777792,125.0
2026-06-01 15:00:00+00:00,001,6.2832590529247785,124.9522562674087,2.3863036211699136,0.7875320334261847,125.0
2026-06-01 15:30:00+00:00,001,6.285097493036194,124.95643454038965,2.386155988857941,0.7874791086350976,125.0
2026-06-01 16:00:00+00:00,001,6.28894444444444,125.05569444444411,2.3876999999999984,0.7849249999999994,125.0
2026-06-01 16:30:00+00:00,001,6.287938718662944,125.01590529247905,2.3913788300835632,0.787899721448467,125.0
2026-06-01 17:00:00+00:00,001,7.05948497854078,147.50347639484963,2.4499442060085834,0.9081630901287553,127.03862660944206
2026-06-01 17:30:00+00:00,001,7.195333333333332,149.99633333333333,2.0252000000000003,0.41371666666666673,150.0
2026-06-01 18:00:00+00:00,001,7.210333333333332,149.81616666666662,1.9659166666666672,0.8098333333333334,150.0
2026-06-01 18:30:00+00:00,001,7.244499999999997,150.03533333333328,2.0662000000000003,0.43113333333333337,150.0
2026-06-01 19:00:00+00:00,001,7.255166666666664,150.07783333333325,2.0411500000000005,0.4120500000000002,150.0
2026-06-01 19:30:00+00:00,001,7.257777777777775,149.8714379084962,2.0393888888888916,0.41105555555555595,150.0
2026-06-01 20:00:00+00:00,001,7.273621169916428,149.90857938718602,2.040194986072423,0.4131169916434543,150.0
2026-06-01 20:30:00+00:00,001,7.28323119777159,149.99197771587703,2.04033426183844,0.4126991643454035,150.0
2026-06-01 21:00:00+00:00,001,7.279247910863507,149.94392757660137,2.0349108635097495,0.40951253481894195,150.0
2026-06-01 21:30:00+00:00,001,7.291782729805014,149.93172701949808,2.0238607242339843,0.40073816155988884,150.0
2026-06-01 22:00:00+00:00,001,7.299722222222226,150.0294166666664,1.9934083333333334,0.3750166666666667,150.0
2026-06-01 22:30:00+00:00,001,7.3131754874651795,149.9989693593316,2.0675097493036234,0.4328746518105846,150.0
2026-06-01 23:00:00+00:00,001,7.333091922005571,150.07696378830096,1.9849442896935932,0.36516155988857907,150.0
2026-06-01 23:30:00+00:00,001,7.3478873239436595,149.97194366197206,1.9696394366197192,0.3563943661971829,150.0
2026-06-02 00:00:00+00:00,001,7.357444444444464,149.9722777777775,1.9853166666666693,0.3728416666666666,150.0
2026-06-02 00:30:00+00:00,001,7.375264623955455,150.09323119777142,1.9777883008356563,0.3677214484679663,150.0
2026-06-02 01:00:00+00:00,001,7.3907799442897355,149.98598885793848,2.0264735376044567,0.4076852367688022,150.0
2026-06-02 01:30:00+00:00,001,7.392166666666685,150.0031111111112,1.9654138888888886,0.3613083333333339,150.0
2026-06-02 02:00:00+00:00,001,7.404178272980505,149.87813370473484,1.883902506963788,0.2893871866295271,150.0
2026-06-02 02:30:00+00:00,001,7.431183098591562,149.94881690140804,1.7615774647887321,0.6725887323943661,150.0
2026-06-02 03:00:00+00:00,001,7.446462395543194,150.07208913649038,1.880646239554318,1.2698885793871864,150.0
2026-06-02 03:30:00+00:00,001,7.435598885793892,149.93417827298038,2.359994428969361,0.6104651810584965,150.0
2026-06-02 04:00:00+00:00,001,7.442416666666672,149.95008333333328,2.349547222222226,0.6008666666666661,150.0
2026-06-02 04:30:00+00:00,001,7.440584958217285,150.05922005570977,2.3455877437325916,0.5985097493036221,150.0
2026-06-02 05:00:00+00:00,001,7.431337047353759,150.01718662952604,2.253518105849582,0.5245125348189413,150.0
2026-06-02 05:30:00+00:00,001,7.446027777777781,150.02655555555532,2.0221805555555554,0.4105444444444443,150.0
2026-06-02 06:00:00+00:00,001,7.457130919220076,149.89732590529263,1.9842924791086345,0.37374651810584936,150.0
2026-06-02 06:30:00+00:00,001,7.461699164345402,150.04292479108662,1.930022284122564,0.3159637883008361,150.0
2026-06-02 07:00:00+00:00,001,7.470139275766011,149.89640668523643,1.9259888579387194,0.3162200557103062,150.0
2026-06-02 07:30:00+00:00,001,7.47222222222221,149.8667222222222,1.955102777777779,0.45244999999999913,150.0
2026-06-02 08:00:00+00:00,001,7.490027855153162,150.05038997214535,1.9429275766016711,0.441192200557103,150.0
2026-06-02 08:30:00+00:00,001,7.492590529247876,149.98217270195013,1.9591002785515308,0.4576852367688024,150.0
2026-06-02 09:00:00+00:00,001,7.493314763231197,149.95662952646208,2.087768802228414,0.4964289693593318,150.0
2026-06-02 09:30:00+00:00,001,7.485738161559899,149.9203342618382,2.04049025069638,0.4494233983286903,150.0
2026-06-02 10:00:00+00:00,001,7.48230555555557,149.9860277777777,1.8581361111111125,0.2835527777777782,150.0
2026-06-02 10:30:00+00:00,001,7.4807520891365025,149.97025069637928,1.7838523676880227,0.20465459610027828,150.0
2026-06-02 11:00:00+00:00,001,7.47147632311979,149.9861281337054,1.7667604456824488,0.18640947075208902,150.0
2026-06-02 11:30:00+00:00,001,7.456888888888898,150.02749999999946,1.7665583333333315,0.18603611111111107,150.0
2026-06-02 12:00:00+00:00,001,7.445682451253483,149.8771309192202,1.7488830083565474,0.18254874651810568,150.0
2026-06-02 12:30:00+00:00,001,7.449275766016704,149.98807799442923,1.7267660167130932,0.20527298050139287,150.0
2026-06-02 13:00:00+00:00,001,7.440668523676876,150.0609749303624,1.7177604456824527,0.24451253481894136,150.0
2026-06-02 13:30:00+00:00,001,7.4285793871866295,150.00757660167147,1.7176100278551547,0.23378551532033398,150.0
2026-06-02 14:00:00+00:00,001,7.452952646239544,149.97376044568261,1.7145013927576604,0.24554038997214492,150.0
2026-06-02 14:30:00+00:00,001,7.469610027855131,149.9983844011143,1.7043732590529264,0.3359610027855154,150.0
2026-06-02 15:00:00+00:00,001,7.481420612813368,149.9306128133698,1.6675069637882995,0.7055431754874644,150.0
2026-06-02 15:30:00+00:00,001,7.507576601671306,149.9035097493032,1.6675571030640663,0.7153537604456828,150.0
2026-06-02 16:00:00+00:00,001,7.536072423398321,150.09189415041757,1.6500139275766041,1.0240974930362117,150.0
2026-06-02 16:30:00+00:00,001,7.556194444444435,150.00169444444458,1.6322000000000005,1.3718777777777773,150.0
2026-06-02 17:00:00+00:00,001,7.57459610027855,150.0894150417829,1.6403621169916445,1.245949860724234,150.0
2026-06-02 17:30:00+00:00,001,7.595027777777745,149.9340277777782,1.638675,1.2680277777777784,150.0
2026-06-02 18:00:00+00:00,001,7.599136490250649,149.88200557103104,1.5966852367688014,1.79289972144847,150.0
2026-06-02 18:30:00+00:00,001,7.5984958217269885,149.9390250696378,1.584632311977718,1.880632311977716,150.0
2026-06-02 19:00:00+00:00,001,7.609554317548705,150.03147632312022,1.6262729805013927,1.5941615598885803,150.0
2026-06-02 19:30:00+00:00,001,7.642674094707483,150.03364902506948,1.818231197771587,0.22619777158774346,150.0
2026-06-02 20:00:00+00:00,001,7.658666666666647,149.95236111111097,1.8105416666666643,0.21930277777777754,150.0
2026-06-02 20:30:00+00:00,001,7.666016713091911,149.9797771587741,1.810980501392756,0.21921448467966595,150.0
2026-06-02 21:00:00+00:00,001,7.690779944289698,149.98935933147638,1.8057437325905297,0.21352367688022325,150.0
2026-06-02 21:30:00+00:00,001,7.701000000000012,150.09180555555565,1.801105555555555,0.20787777777777777,150.0
2026-06-02 22:00:00+00:00,001,7.70724233983289,150.06587743732607,1.795587743732591,0.2032869080779944,150.0
2026-06-02 22:30:00+00:00,001,7.710724233983298,150.12626740947104,1.787827298050139,0.19637883008356546,150.0
2026-06-02 23:00:00+00:00,001,7.708250000000017,149.99102777777796,1.786180555555557,0.1979305555555556,150.0
2026-06-02 23:30:00+00:00,001,7.71632311977717,150.09203342618397,1.7887353760445681,0.20069637883008376,150.0
2026-06-03 00:00:00+00:00,001,7.730111111111159,150.1103611111113,1.772216666666666,0.1889555555555554,150.0
2026-06-03 00:30:00+00:00,001,7.7205292479108865,150.03325905292516,1.771111420612812,0.1859052924791087,150.0
2026-06-03 01:00:00+00:00,001,7.72969359331479,150.12080779944318,1.7470891364902499,0.19174930362117007,150.0
2026-06-03 01:30:00+00:00,001,7.723621169916463,149.87838440111415,1.7106183844011147,0.4202841225626743,150.0
2026-06-03 02:00:00+00:00,001,7.743398328690838,150.01217270195002,1.670253481894152,0.8558300835654572,150.0
2026-06-03 02:30:00+00:00,001,7.742924791086384,149.98147632311986,1.719013927576604,0.29535933147632354,150.0
2026-06-03 03:00:00+00:00,001,7.738662952646274,150.0232311977717,1.6973426183844011,0.4729582172701948,150.0
2026-06-03 03:30:00+00:00,001,7.726434540390004,150.0171587743734,1.65543454038997,1.0082089136490244,150.0
2026-06-03 04:00:00+00:00,001,7.7263611111111405,149.9160000000002,1.5940305555555558,1.7785555555555537,150.0
2026-06-03 04:30:00+00:00,001,7.723175487465213,149.93626740947053,1.6329136490250706,1.2171337047353763,150.0
2026-06-03 05:00:00+00:00,001,7.750194986072475,149.98824512534793,1.6638495821727028,0.8116072423398335,150.0
2026-06-03 05:30:00+00:00,001,7.755821727019534,150.01256267409525,1.6329582172701953,1.3462311977715882,150.0
2026-06-03 06:00:00+00:00,001,7.772694444444486,149.90786111111083,1.6039750000000015,1.731602777777777,150.0
2026-06-03 06:30:00+00:00,001,7.809331476323136,149.85779944289683,1.6042228412256285,1.748916434540391,150.0
2026-06-03 07:00:00+00:00,001,7.847520891364906,150.16061281337068,1.609050139275767,1.7105403899721447,150.0
2026-06-03 07:30:00+00:00,001,7.842527777777775,149.92127777777807,1.612027777777777,1.671805555555556,150.0
2026-06-03 08:00:00+00:00,001,7.907206703910608,150.48466480446896,2.2397988826815634,1.0276424581005599,150.0
2026-06-03 08:30:00+00:00,001,7.9112777777777685,149.97700000000017,2.6863638888888888,0.9806083333333331,150.0
2026-06-03 09:00:00+00:00,001,7.91339832869082,149.90181058495847,2.686197771587744,0.8832674094707531,150.0
2026-06-03 09:30:00+00:00,001,7.935041782729788,150.09866295264615,2.7091643454039005,0.8662033426183847,150.0
2026-06-03 10:00:00+00:00,001,7.946388888888895,150.01816666666622,2.7152527777777764,0.8479583333333338,150.0
2026-06-03 10:30:00+00:00,001,7.935431754874658,150.00846796657356,2.7076629526462392,0.8350584958217262,150.0
2026-06-03 11:00:00+00:00,001,7.944568245125357,149.9921448467963,2.7004874651810575,0.8280612813370474,150.0
2026-06-03 11:30:00+00:00,001,7.948944444444471,149.99155555555555,2.6955861111111115,0.8246861111111116,150.0
2026-06-03 12:00:00+00:00,001,7.978774373259051,150.03869080779947,2.692094707520893,0.8193593314763228,150.0
2026-06-03 12:30:00+00:00,001,7.990027855153201,149.97924791086373,2.686763231197771,0.815378830083564,150.0
2026-06-03 13:00:00+00:00,001,8.006361111111106,149.95249999999947,2.685974999999998,0.8137638888888896,150.0
2026-06-03 13:30:00+00:00,001,8.040612813370467,149.96986072423402,2.6880696378830087,0.8160139275766006,150.0
2026-06-03 14:00:00+00:00,001,8.070779944289685,150.06529247910908,2.689573816155991,0.8176880222841219,150.0
2026-06-03 14:30:00+00:00,001,8.05816666666665,149.89191666666662,2.690952777777776,0.820683333333333,150.0
2026-06-03 15:00:00+00:00,001,8.060640668523666,149.92473537604465,2.6917493036211684,0.8245738161559887,150.0
2026-06-03 15:30:00+00:00,001,8.058328690807777,149.93910863509763,2.6917465181058464,0.8242896935933137,150.0
2026-06-03 15:34:11.747618+00:00,001,5.550199999999998,89.7986,2.2303800000000007,0.8059199999999997,81.0
